දේශීය	O
වෛද්‍ය	O
නිෂ්පාදනයන්	O
පිළිබඳව	O
පර්යේෂණ	O
පැවැත්වීමට	O
නාවින්න	LOC
වෛද්‍ය	LOC
මධ්‍යස්‌ථානයට	LOC
විශාල	O
මුදලක්‌	O
වෙන්කර	O
ඇතැයිද	O
නිකවැරටිය	LOC
ආයුර්වේද	O
නිෂ්පාදන	O
ගොවි	O
පළ	O
ආයුර්වේද	ORG
දෙපාර්තමේන්තුවෙන්	ORG
සංස්‌ථාවට	ORG
පැවරීමට	O
කටයුතු	O
කරන	O
බවද	O
හෙතෙම	O
කීය	O
.	O
වෙන්ඩෝල්	ORG
ආයුර්වේද	O
නිෂ්පාදන	O
සමාගමේ	O
සභාපති	O
වෛද්‍ය	O
ගොඩකන්ද	PER
මහතාද	O
මෙහිදී	O
කතා	O
කළේය	O
.	O
ඓතිහාසික	O
නවගමුව	LOC
දේවාලය	LOC
අසල	O
සිඟමන්	O
යදින	O
යාචක	O
පිරිසක්‌	O
අතර	O
ඇතිවූ	O
ගැටුමකින්	O
එහි	O
එක්‌	O
යාචකයෙකු	O
කපා	O
කොටා	O
ඝාතනය	O
කර	O
ඇති	O
බව	O
පොලිසිය	O
පවසයි	O
.	O
මෙසේ	O
ඉකුත්	O
2	O
දින	O
අලුයම	O
ඝාතනයට	O
පත්	O
වූයේ	O
හංවැල්ල	LOC
දිද්දෙණිය	LOC
ප්‍රදේශයේ	O
පදිංචිකරුවකු	O
වූ	O
48	O
හැවිරිදි	O
හෙට්‌ටිආරච්චිගේ	PER
කපිල	PER
නමැති	O
පුද්ගලයෙකි	O
.	O
ඉකුත්	O
ජනවාරි	O
01	O
වැනි	O
දින	O
කැලණි	LOC
ගං	O
ඉවුරේ	O
අවුරුදු	O
සාදයක්‌	O
පවත්වමින්	O
සිටි	O
මෙම	O
යාචක	O
පිරිස	O
මත්පැන්	O
බී	O
වෙරිමතින්	O
නවගමුව	LOC
මාපිටිගම	LOC
පාලම	O
අසල	O
සුසාන	O
භූමියේ	O
රාත්‍රිය	O
ගත	O
කර	O
ඇත	O
.	O
මෙම	O
පිරිස	O
පසුදා	O
අලුයම	O
අවදිවී	O
මත්පැන්	O
බීමට	O
අවශ්‍යව	O
කැලණි	LOC
ගඟෙන්	LOC
එගොඩ	O
වී	O
නීති	O
විරෝධී	O
මත්පැන්	O
රැගෙනවිත්	O
සියලු	O
දෙනාම	O
පානය	O
කර	O
විනෝද	O
වන	O
අවස්‌ථාවේ	O
එක්‌	O
අයකුගේ	O
ජංගම	O
දුරකථනය	O
අස්‌ථානගතවී	O
ඇත	O
.	O
මියගිය	O
පුද්ගලයා	O
එම	O
දුරකථනය	O
ගත්තා	O
යෑයි	O
සැකසිතා	O
ගුටි	O
බැට	O
හුවමාරු	O
වී	O
තිබේ	O
.	O
පසුව	O
එම	O
පුද්ගලයා	O
ඉන්	O
බේරී	O
ප්‍රධාන	O
මාර්ගයේ	O
පලා	O
යමින්	O
සිටියදී	O
ඝාතනය	O
සිදුකළ	O
පුද්ගලයා	O
ඔහු	O
ලුහුබැඳ	O
මන්නා	O
පිහියකින්	O
පහරදී	O
කපා	O
කොටා	O
ඝාතනය	O
කර	O
තිබිණි	O
.	O
ඝාතනයට	O
ලක්‌වූ	O
තරුණයා	O
තම	O
අන්ධ	O
සොහොයුරා	O
සමග	O
නවගමුව	LOC
දේවාලය	LOC
අසල	O
සිඟමන්	O
යදිමින්	O
මුදල්	O
ඉපයීමට	O
අමතරව	O
ගමපුරා	O
ගොස්‌	O
පොල්	O
කඩන	O
රැකියාවද	O
කර	O
තිබිණි	O
.	O
සිඟමන්	O
යෑද	O
අවසානයේ	O
නවගමුව	LOC
සුසාන	LOC
භූමියේ	LOC
රාත්‍රිය	O
ගත	O
කරන	O
අයියා	O
මලෝ	O
සමග	O
මෙදින	O
තවත්	O
යාචක	O
මිතුරන්	O
පිරිසක්‌	O
එක්‌වී	O
සිටියහ	O
.	O
මෙම	O
ඝාතනය	O
සම්බන්ධයෙන්	O
නවගමුව	ORG
පොලිසිය	ORG
විසින්	O
සැකපිට	O
යාචකයන්	O
අත්අඩංගුවට	O
ගෙන	O
තිබේ	O
.	O
තුවාලකරු	O
නවගමුව	ORG
රෝහලට	ORG
ඇතුළත්	O
කරන	O
විටත්	O
මියගොස්‌	O
සිටි	O
බව	O
පොලිසිය	O
පවසයි	O
.	O
මෘත	O
ශරීරය	O
පශ්චාත්	O
මරණ	O
පරීක්‍ෂණය	O
සඳහා	O
කොළඹ	ORG
පොලිස්‌	ORG
මෘත	O
ශරීරාගාරය	O
වෙත	O
යොමුකර	O
ඇත	O
.	O
මේ	O
සම්බන්ධයෙන්	O
නවගමුව	ORG
පොලිස්‌	ORG
ස්‌ථානාධිපති	O
පොලිස්‌	O
පරීක්‍ෂක	O
ආලෝක	PER
බණ්‌ඩාර	PER
සේනානායක	PER
මහතාගේ	O
උපදෙස්‌	O
සහ	O
මෙහෙයවීම	O
මත	O
පරීක්‍ෂණ	O
සිදුකර	O
පලාලි	LOC
ගුවන්	LOC
තොටුපළ	LOC
ජාත්‍යන්තර	O
ගුවන්තොටුපළක්‌	O
බවට	O
පත්කිරීමට	O
රජය	O
එකඟ	O
වී	O
ඇතැයි	O
ඉලංකෙයි	ORG
තමිල්	ORG
අරසු	ORG
පක්‍ෂයේ	ORG
නායක	O
මාවෙයි	PER
සේනාධිරාජා	PER
ප්‍රකාශ	O
කර	O
ඇත	O
.	O
මේ	O
සම්බන්ධව	O
ජනපති	O
මෛත්‍රීපාල	PER
සිරිසේන	PER
මහතා	O
සමඟ	O
මෙන්ම	O
අගමැති	O
රනිල්	PER
වික්‍රමසිංහ	PER
මහතා	O
සමඟද	O
සාකච්ඡා	O
කර	O
ඇති	O
බව	O
සේනාධිරාජා	PER
පවසා	O
තිබේ	O
.	O
පලාලි	LOC
ගුවන්	LOC
තොටුපළ	LOC
පුළුල්	O
කිරීම	O
සඳහා	O
දෙමළ	O
ජනතාවගේ	O
ඉඩම්	O
ආක්‍රමණය	O
නොකර	O
වෙරළාසන්න	O
භූමිය	O
පුරවා	O
අවශ්‍ය	O
ඉඩ	O
ප්‍රමාණය	O
ලබා	O
ගැනීමට	O
කටයුතු	O
කෙරෙන	O
බව	O
සේනාධිරාජා	PER
ප්‍රකාශ	O
කර	O
ඇත	O
.	O
රැඳවුම්	O
භාරයේ	O
සිටින	O
හිටපු	O
ත්‍රස්‌ත	O
ක්‍රියාකාරීන්	O
215	O
කට	O
පොදු	O
සමාව	O
නොදෙන	O
බවත්	O
ශ්‍රී	LOC
ලංකාවේ	LOC
දේශපාලන	O
සිරකරුවන්	O
නැති	O
බවත්	O
ජනාධිපති	O
මෛත්‍රීපාල	PER
සිරිසේන	PER
මහතා	O
ඉන්දීය	ORG
හින්දු	ORG
පුවත්පත	ORG
සමඟ	O
සාකච්ඡාවකට	O
එක්‌වෙමින්	O
ප්‍රකාශ	O
කර	O
ඇත	O
.	O
ත්‍රස්‌ත	O
මර්දන	O
පනත	O
අහෝසි	O
කරන	O
ලෙසත්	O
ද්‍රවිඩ	O
දේශපාලන	O
සිරකරුවන්	O
මුදාහරින	O
ලෙසත්	O
ඉල්ලීම්	O
කර	O
ඇතැයි	O
පැවසූ	O
ඒ	O
මහතා	O
ත්‍රස්‌තවාදය	O
නිසා	O
බටහිර	LOC
රටවල්	O
ද	O
ප්‍රශ්නවලට	O
මුහුණපා	O
ඇතැයි	O
කීවේය	O
.	O
ජිනීවා	LOC
යෝජනාව	O
අනුව	O
යුද	O
අපරාධ	O
චෝදනා	O
විමර්ශනය	O
සඳහා	O
විශේෂ	O
අධිකරණය	O
ස්‌ථාපිත	O
කිරීමට	O
ශ්‍රී	LOC
ලංකාවට	LOC
හදිසියක්‌	O
නැතැයි	O
ද	O
මෛත්‍රීපාල	PER
සිරිසේන	PER
මහතා	O
විසින්	O
සඳහන්	O
කර	O
ඇත	O
.	O
ජිනීවා	LOC
යෝජනාවෙන්	O
අපට	O
නියෝගයක්‌	O
කර	O
නැහැ	O
යෑයි	O
ද	O
හෙතෙම	O
කියා	O
සිටී	O
.	O
යෝජිත	O
ආණ්‌ඩුක්‍රම	O
ව්‍යවස්‌ථාව	O
සම්බන්ධයෙන්	O
තමා	O
ජනවාරි	O
9	O
දා	O
පාර්ලිමේන්තුවේදී	LOC
ප්‍රකාශයක්‌	O
කරන	O
බව	O
පළ	O
කළ	O
ඒ	O
මහතා	O
මේ	O
ව්‍යවස්‌ථා	O
සංශෝධනයට	O
විශේෂඥයන්ගේ	O
සහය	O
ලබාගන්නා	O
බව	O
ද	O
පළ	O
කළේය	O
.	O
ශ්‍රී	LOC
ලංකාවේ	LOC
ස්‌වෛරීභාවය	O
සහ	O
ශ්‍රී	LOC
ලංකාවේ	LOC
හිමිකම්	O
යන	O
කරුණු	O
මත	O
නිසි	O
අධ්‍යයනයක්‌	O
කිරීමෙන්	O
පසු	O
තම	O
සංශෝධන	O
ඇතුළත්	O
කරන	O
බව	O
ද	O
මෛත්‍රීපාල	PER
සිරිසේන	PER
මහතා	O
සඳහන්	O
කළේය	O
.	O
රගර්	O
ක්‍රීඩක	O
වසීම්	PER
තාජුඩීන්ගේ	PER
මරණය	O
සම්බන්ධයෙන්	O
රහස්‌	O
පොලිසිය	O
විසින්	O
යොමු	O
කරනු	O
ලැබූ	O
සීසීටීවී	O
දර්ශනවල	O
සිටින	O
පුද්ගලයන්	O
හා	O
වාහන	O
අංක	O
කිසිවක්‌	O
පැහැදිලිව	O
හඳුනාගත	O
නොහැකි	O
බව	O
කොළඹ	ORG
විශ්වවිද්‍යාලයේ	ORG
පරිගණක	O
අංශය	O
ඊයේ	O
අධිකරණයට	O
දැනුම්	O
දෙනු	O
ලැබීය	O
.	O
තාජුඩීන්	PER
සිද්ධිය	O
පිළිබඳ	O
විමර්ශන	O
සිදුකරන	O
රහස්‌	O
පොලිසිය	O
අධිකරණයෙන්	O
කරන	O
ලද	O
ඉල්ලීමකට	O
අනුව	O
කොළඹ	LOC
අතිරේක	O
මහෙස්‌ත්‍රාත්	O
නිශාන්ත	PER
පීරිස්‌	PER
මහතා	O
තාජුඩීන්	PER
මියගිය	O
දින	O
ගමන්	O
ගත්	O
රථය	O
හා	O
එය	O
පසුපස	O
එන	O
තවත්	O
රථයක	O
අපැහැදිලි	O
රූප	O
රාමු	O
සහිත	O
සීසීටීවී	O
දර්ශන	O
පරීක්‍ෂා	O
කිරීම	O
සඳහා	O
කොළඹ	ORG
විශ්වවිද්‍යාලයට	ORG
යොමු	O
කළේය	O
.	O
අදාළ	O
දර්ශන	O
අනුව	O
තාජුඩීන්ගේ	PER
වාහනය	O
හා	O
ඒ	O
පසුපස	O
එන	O
තවත්	O
වාහනයක්‌	O
පමණක්‌	O
හඳුනාගත	O
හැකි	O
වුවද	O
ඒවායෙහි	O
අංක	O
පැහැදිලි	O
නැති	O
බව	O
ද	O
කොළඹ	ORG
විශ්වවිද්‍යාලයේ	ORG
පරිගණක	O
අංශයේ	O
නියෝජිතයෝ	O
අධිකරණය	O
හමුවේ	O
පැවසූහ	O
.	O
මේ	O
අනුව	O
ඇමරිකාවේ	LOC
එµa.බී.අයි	ORG
හෝ	O
එංගලන්තයේ	LOC
ස්‌කොට්‌ලන්ඩ්යාඩ්	ORG
වෙත	O
යොමුකර	O
අදාළ	O
දර්ශන	O
පරීක්‍ෂා	O
කිරීම	O
වඩාත්	O
යෝග්‍ය	O
බව	O
ද	O
ඔවුහු	O
සඳහන්	O
කළහ	O
.	O
පසුගියදා	O
රජයේ	O
ප්‍රබල	O
ඇමැතිවරයකු	O
වන	O
රාජිත	PER
සේනාරත්න	PER
මහතා	O
තාජුඩීන්ගේ	PER
මරණය	O
ඝාතනයක්‌	O
බවට	O
තහවුරු	O
වන	O
පැහැදිලි	O
වීඩියෝ	O
දර්ශන	O
රහස්‌	O
පොලිසිය	O
සතුව	O
තිබෙන	O
බව	O
ප්‍රසිද්ධියේම	O
සඳහන්	O
කර	O
තිබිණි	O
.	O
වෙළෙඳ	O
පොළේ	O
පොහොර	O
මිල	O
වැඩි	O
කර	O
ඇති	O
බවට	O
තොරතුරු	O
ලැබී	O
ඇති	O
බවත්	O
,	O
කිසිදු	O
ලෙසකින්වත්	O
රජය	O
පොහොර	O
මිල	O
වැඩි	O
කොට	O
නොමැති	O
බවත්	O
කෘෂිකර්ම	O
ඇමැති	O
දුමින්ද	PER
දිසානායක	PER
මහතා	O
පැවසීය	O
.	O
එසේ	O
පොහොර	O
මිල	O
වැඩි	O
කර	O
ඇත්නම්	O
එය	O
නීතිවිරෝධී	O
ක්‍රියාවක්‌	O
බවද	O
,	O
එසේ	O
වැඩි	O
මිලට	O
පොහොර	O
අලෙවි	O
කරන	O
වෙළෙඳුන්ට	O
එරෙහිව	O
නීතිමය	O
පියවර	O
ගන්නා	O
බවද	O
ඇමැතිවරයා	O
ඊයේ	O
කොළඹදී	LOC
මාධ්‍ය	O
හමුවක්‌	O
අමතා	O
කියා	O
සිටියේය	O
.	O
එසේම	O
සහනාධාර	O
වශයෙන්	O
ලබාදෙන	O
පොහොර	O
තොග	O
අවසන්	O
වූ	O
වහාම	O
2016	O
අයවැය	O
යෝජනාවට	O
අනුව	O
පොහොර	O
සහනාධාරය	O
වෙනුවට	O
මුදල්	O
ලබාදීම	O
ආරම්භ	O
කරන	O
බවත්	O
ඇමැතිවරයා	O
වැඩිදුරටත්	O
සඳහන්	O
කළේය	O
.	O
වැල්ලම්පිටිය	LOC
ප්‍රදේශයේ	O
පුද්ගලයකු	O
පැහැර	O
ගෙන	O
ගොස්‌	O
පහරදී	O
සිරකර	O
ගැනීම	O
සම්බන්ධයෙන්	O
අත්අඩංගුවට	O
ගෙන	O
රක්‌ෂිත	O
බන්ධනාගාර	O
ගත	O
කර	O
ඇති	O
කොළඹ	LOC
දිස්‌ත්‍රික්‌	LOC
පාර්ලිමේන්තු	O
මන්ත්‍රී	O
හිරුණිකා	PER
ප්‍රේමචන්ද්‍ර	PER
මහත්මියගේ	O
ආරක්‌ෂක	O
නිලධාරීන්	O
සිව්	O
දෙනා	O
ඇතුළු	O
සැකකරුවන්	O
අට	O
දෙනා	O
අද	O
හඳුනා	O
ගැනීමේ	O
පෙරට්‌ටුවට	O
ඉදිරිපත්	O
කරන	O
ලෙස	O
කොළඹ	LOC
අතිරේක	O
මහෙස්‌ත්‍රාත්	O
මෙහොමඩ්	PER
මිහාර්	PER
මහතා	O
නියෝග	O
කළේය	O
.	O
සිද්ධියට	O
අදාළ	O
පැමිණිල්ල	O
කැඳවනු	O
ලැබූ	O
අවස්‌ථාවේදී	O
කොළඹ	ORG
අපරාධ	ORG
කොට්‌ඨාසය	ORG
කළ	O
ඉල්ලීමක්‌	O
කෙරෙහි	O
සැලකිලිමත්	O
වෙමින්	O
එසේ	O
නියෝග	O
කළ	O
මහෙස්‌ත්‍රාත්වරයා	O
සැකකරුවන්	O
එතෙක්‌	O
රක්‌ෂිත	O
බන්ධනාගාර	O
ගත	O
කර	O
තබන	O
ලෙසට	O
නියෝග	O
කළේය	O
.	O
සැකකරුවන්	O
වෙනුවෙන්	O
නීතිඥ	O
කණ්‌ඩායමක්‌	O
සමග	O
පෙනී	O
සිටි	O
නීතිඥ	O
ගුණරත්න	PER
වන්නිනායක	PER
මහතා	O
සැකකරුවන්	O
අන්තර්ජාලය	O
හා	O
මාධ්‍ය	O
තුළින්	O
මේ	O
වන	O
විට	O
ප්‍රසිද්ධියට	O
පත්ව	O
ඇති	O
නිසා	O
පෙරට්‌ටුවක්‌	O
පැවැත්වීම	O
කළ	O
හැකි	O
දැයි	O
ප්‍රශ්න	O
මතුවන	O
බවට	O
කියා	O
සිsටියේය	O
.	O
90	O
දශකය	O
ආරම්භයේ	O
සංගීත	O
ලොව	O
සිසාරා	O
නැගුණු	O
මියුරු	O
නැවුම්	O
ගී	O
හඬක	O
හිමිකරුවා	O
ලෙස	O
සුවහසක්‌	O
ගී	O
රසික	O
රසිකාවියන්	O
අතර	O
ඉමහත්	O
ජනප්‍රියත්වයට	O
පත්වූ	O
ගායක	O
ප්‍රින්ස්‌	PER
උදය	PER
ප්‍රියන්ත	PER
දැඩි	O
ලෙස	O
රෝගාතුරව	O
නවලෝක	ORG
රෝහලේ	ORG
ප්‍රතිකාර	O
ලබමින්	O
පසු	O
වේ	O
.	O
මොළයේ	O
හටගත්	O
විෂබීජ	O
ආසාදනයක්‌	O
හේතුවෙන්	O
රෝගී	O
වු	O
ප්‍රින්ස්‌ගේ	PER
මතක	O
ශක්‌තියද	O
ගිලිහී	O
ගොස්‌	O
ඇති	O
අතර	O
කතාකර	O
ගැනීමටද	O
නොහැකිව	O
සිටී	O
.	O
ගිලන්	O
ඇඳමත	O
වැතිර	O
දියර	O
ආහාර	O
මගින්	O
පමණක්‌	O
යෑපෙන	O
ප්‍රින්ස්‌	PER
සුවපත්	O
කර	O
ගැනීම	O
සඳහා	O
දායකවීමට	O
කැමැති	O
රසික	O
රසිකාවියන්ට	O
0769111838	O
දුරකථන	O
අංකය	O
අමතා	O
ප්‍රින්ස්‌ගේ	PER
සොයුරියක	O
වන	O
ශිරානි	PER
ප්‍රියංගිකා	PER
ගෙන්	O
විස්‌තර	O
විමසිය	O
හැක	O
.	O
ප්‍රින්ස්‌ගේ	PER
වෛද්‍ය	O
ප්‍රතිකාර	O
වෙනුවෙන්	O
මූල්‍ය	O
අනුග්‍රහයක්‌	O
දැක්‌වීමට	O
කැමැති	O
රසිකයන්ට	O
ඇල්පිටිය	LOC
ජාතික	ORG
ඉතිරි	ORG
කිරීමේ	ORG
බැංකු	ORG
ශාඛාවේ	O
10094880	O
අංක	O
දරන	O
ගිණුමට	O
මුදල්	O
බැර	O
කර	O
හැක	O
.	O
පසුගිය	O
වසර	O
(2015)	O
තුළ	O
කොළඹ	LOC
නාගරික	O
හදිසි	O
මරණ	O
පරීක්‍ෂණ	O
උසාවියේදී	O
හදිසි	O
මරණ	O
පරීක්‍ෂණ	O
2900	O
ක්‌	O
සිදුකර	O
ඇත	O
.	O
ඒ	O
අනුව	O
2014	O
වසරට	O
වඩා	O
2015	O
වසරේ	O
මරණ	O
370	O
ක	O
වැඩිවීමක්‌	O
ඇතැයි	O
එම	O
උසාවියේ	O
ප්‍රකාශකයෙක්‌	O
'දිවයින'ට	ORG
පැවැසීය	O
.	O
මෙම	O
මරණ	O
පරීක්‍ෂණ	O
කොළඹ	LOC
නාගරික	O
හදිසි	O
මරණ	O
පරීක්‍ෂක	O
මොහොමඩ්	PER
අෂ්රµa	PER
රූමි	PER
මහතා	O
සහ	O
කොළඹ	LOC
නාගරික	O
හදිසි	O
මරණ	O
පරීක්‍ෂිකා	O
නීතිඥ	O
ඉරේෂා	PER
දේශානි	PER
සමරවීර	PER
මහත්මිය	O
හමුවේ	O
පවත්වා	O
තිබේ	O
.	O
ඓතිහාසික	O
තන්තිරිමලේ	LOC
පුදබිමේ	O
ඇති	O
නෙළුම්විල	LOC
වල්බිහි	O
වී	O
කිඹුලන්ගේ	O
රජදහනක්‌	O
වී	O
ඇති	O
බව	O
"දිවයින"	ORG
ට	O
වාර්තා	O
වේ	O
.	O
මේ	O
දිනවල	O
තන්තිරිමලේ	LOC
පුදබිමට	O
පැමිණෙන	O
බැතිමතුන්	O
මේ	O
නෙළුම්විල	LOC
මැදින්	O
ඇති	O
අඩි	O
පාරේ	O
මඩ	O
ගොහොරුවේ	O
තන්තිරිමලේ	LOC
ඓතිහාසික	O
නටබුන්	O
දැක	O
බලා	O
ගැනීමට	O
යන්නේ	O
කිඹුලන්ගෙන්	O
කොයි	O
මොහොතේ	O
අනතුරු	O
සිදුවේ	O
දැයි	O
බියෙනි	O
.	O
තන්තිරිමලේ	LOC
යනු	O
ශ්‍රී	LOC
ලංකාවේ	LOC
පැරැණිම	O
ජනාවාසයකි	O
.	O
අනුරාධපුර	LOC
ප්‍රාදේශීය	O
ලේකම්	O
කොට්‌ඨාසයේ	O
මහවිලච්චිය	LOC
ප්‍රාදේශීය	O
ලේකම්	O
කොට්‌ඨාසයේ	O
අංක	O
366	O
තන්තිරිමලේ	LOC
ග්‍රාම	O
නිලධාරි	O
කොට්‌ඨාසයේ	O
ඇති	O
මේ	O
පුදබිම	O
රැකගත	O
යුතුව	O
ඇත	O
.	O
ගාල්ල	LOC
කරාපිටිය	ORG
ශික්‌ෂණ	ORG
රෝහලේ	ORG
ඇඳන්	O
උඩ	O
මෙන්ම	O
ඇඳන්	O
යට	O
හා	O
බිම	O
පැදුරු	O
දමාගෙන	O
රෝගීන්	O
සිටිනවා	O
යෑයි	O
ස්‌වදේශ	O
කටයුතු	O
පිළිබඳ	O
ඇමැති	O
වජිර	PER
අබේවර්ධන	PER
මහතා	O
පැවැසීය	O
.	O
කරාපිටිය	LOC
නගරයේ	O
නව	LOC
ඔසුහල	LOC
විවෘත	O
කිරීමේ	O
අවස්‌ථාවට	O
එක්‌වෙමින්	O
ඇමැතිවරයා	O
මේ	O
බව	O
සඳහන්	O
කළේය	O
.	O
හෙතෙම	O
මෙසේද	O
කීවේය	O
.	O
2001	O
වසරේ	O
දී	O
අපේ	O
ආණ්‌ඩුව	O
බලයට	O
පත්වූ	O
පසු	O
මේ	O
තදබදය	O
දැකලා	O
අකුරැස්‌ස	LOC
,	O
තවලම	LOC
,	O
දෙණියාය	LOC
,	O
පිටිගල	LOC
ආදී	O
ප්‍රදේශවල	O
රෝගීන්ගේ	O
තදබදය	O
අවම	O
කිරීමට	O
ඇඳන්	O
1000ක	O
රෝහලක්‌	O
හිනිඳුම	LOC
ඉදිකිරීමට	O
සැලසුම්	O
කළා	O
.	O
ඒ	O
සඳහා	O
අවශ්‍ය	O
අනුග්‍රහය	O
ලබාදීමට	O
නෙදර්ලන්ත	LOC
තානාපතිතුමා	O
එකඟවුණා	O
.	O
දැන්	O
මා	O
මේ	O
ගැන	O
නෙදර්ලන්ත	LOC
තානාපති	O
කාර්යාලය	O
සමඟ	O
සාකච්ඡා	O
කරගෙන	O
යනවා	O
.	O
රාජිත	PER
ඇමැතිතුමත්	O
කීවා	O
ඒක	O
කරන්න	O
පටන්	O
ගන්න	O
කියලා	O
.	O
මේ	O
රෝහල	O
ඉදිකළහොත්	O
කරාපිටිය	ORG
රෝහලේ	ORG
පවතින	O
තදබදය	O
අවම	O
කරගන්න	O
පුළුවන්	O
.	O
අඩු	O
ජනගහනයක්‌	O
සිටින	O
හම්බන්තොට	LOC
දිස්‌ත්‍රික්‌කයට	LOC
නම්	O
ඇඳන්	O
දහසක	O
රෝහලක්‌	O
ලැබිලා	O
තියෙනවා	O
.	O
නමුත්	O
දකුණු	LOC
පළාතේ	LOC
වැඩි	O
ජනගහනයක්‌	O
සිටින	O
ගාල්ල	LOC
දිස්‌ත්‍රික්‌කයට	LOC
ලැබිලා	O
තියෙන	O
පහසුකම්	O
අඩුයි	O
.	O
එය	O
බරපතළ	O
අසාධාරණයක්‌	O
බව	O
ද	O
ඇමැතිවරයා	O
මෙහිදී	O
පැවැසීය	O
.	O
ජාත්‍යන්තර	O
වශයෙන්	O
මතුවන	O
වෙළෙඳපොළ	O
අවස්‌ථාවන්ගෙන්	O
ප්‍රයෝජන	O
ගැනීමට	O
පුද්ගලික	O
අංශය	O
උනන්දු	O
විය	O
යුතු	O
බව	O
අගමැති	O
රනිල්	PER
වික්‍රමසිංහ	PER
මහතා	O
පැවසීය	O
.	O
බණ්‌ඩාරනායක	LOC
සම්මන්ත්‍රණ	LOC
ශාලාවේදී	LOC
ලබන	O
15	O
සිට	O
17	O
දක්‌වා	O
පැවැත්වීමට	O
නියමිත	O
පකිස්‌තානු	LOC
ව්‍යාපාරික	O
හා	O
කර්මාන්ත	O
ප්‍රදර්ශනය	O
පැවැත්වීම	O
සම්බන්ධව	O
මෙරට	O
අගමැති	O
රනිල්	PER
වික්‍රමසිංහ	PER
සහ	O
පකිස්‌තානු	LOC
අගමැති	O
නවාස්‌	PER
ශරීµa	PER
යන	O
මහත්වරුන්	O
විසින්	O
අරලියගහ	LOC
මන්දිරයේදී	LOC
ඊයේ	O
නිල	O
වශයෙන්	O
ප්‍රකාශයට	O
පත්	O
කිරීමට	O
පැවැති	O
චාම්	O
උත්සවය	O
අමතමින්	O
හෙතෙම	O
මේ	O
බව	O
කීය	O
.	O
මෙම	O
ප්‍රදර්ශනය	O
පකිස්‌තානු	ORG
වෙළෙඳ	ORG
සංවර්ධන	ORG
අධිකාරිය	ORG
විසින්	O
පවත්වනු	O
ලබන	O
අතර	O
මීට	O
පකිස්‌ථානයේ	LOC
විවිධ	O
ව්‍යාපාරික	O
ආයතන	O
110	O
ක්‌	O
පමණ	O
සහභාගිවීමට	O
නියමිතය	O
.	O
මෙහිදී	O
අදහස්‌	O
දැක්‌වූ	O
අගමැති	O
රනිල්	PER
වික්‍රමසිංහ	PER
මහතා	O
ප්‍රථමයෙන්	O
මා	O
පකිස්‌ථාන	ORG
වෙළෙඳ	ORG
සංවර්ධන	ORG
අධිකාරියට	ORG
ස්‌තුතිවන්ත	O
වෙනවා	O
පාකිස්‌ථානු	LOC
වෙළෙඳ	O
ප්‍රදර්ශනය	O
කොළඹදී	LOC
පැවැත්වීම	O
පිළිබඳව	O
.	O
පාකිස්‌ථානු	LOC
අගමැති	O
නවාෂ්	PER
ශරීµa	PER
මහතා	O
ශ්‍රී	LOC
ලංකාවට	LOC
පැමිණ	O
සිටින	O
අවස්‌ථාවේදී	O
අපි	O
දෙරටේ	O
ද්විපාර්ශ්වික	O
සම්බන්ධතා	O
ගැන	O
විවරණය	O
කර	O
ගත	O
යුතුයි	O
.	O
එවැනි	O
ක්‍රියාකාරීත්වයක්‌	O
නැගෙනහිර	LOC
ආසියාවේ	LOC
හෝ	O
ඇමරිකාවේ	LOC
තිබුණේ	O
නැහැ	O
.	O
මෙහිදී	O
අදහස්‌	O
දැක්‌වූ	O
පකිස්‌ථාන	LOC
අගමැති	O
නවාස්‌	PER
ශරීµa	PER
මහතා	O
ශ්‍රී	LOC
ලංකා	LOC
ජනාධිපති	O
මෛත්‍රීපාල	PER
සිරිසේන	PER
මහතා	O
පකිස්‌ථානයට	LOC
පැමිණි	O
මොහොතේ	O
අප	O
අතර	O
වෙළෙඳ	O
පරිමාව	O
ඇමරිකානු	LOC
ඩොලර්	O
බිලියන	O
එකක	O
අගයක්‌	O
ගෙන	O
ඒමට	O
සාකච්ඡා	O
කළා	O
.	O
පකිස්‌ථානු	LOC
ප්‍රදර්ශනයක්‌	O
මෙරටදී	O
කිරීමට	O
ලැබීම	O
සතුටට	O
කාරණයක්‌	O
ඒ	O
වගේම	O
ශ්‍රී	LOC
ලාංකික	LOC
වෙළෙඳ	O
ප්‍රදර්ශනයක්‌	O
පැවැත්වීමට	O
පකිස්‌ථානු	LOC
රජයද	O
අනුග්‍රහය	O
දැක්‌වීමට	O
කැමතියි	O
.	O
මෙහිදී	O
පකිස්‌ථානු	LOC
වෙළෙඳ	O
හා	O
වාණිජ	O
කටයුතු	O
ඇමැති	O
කුරාම්	PER
දාස්‌ගිරි	PER
කාන්	PER
මහතා	O
පකිස්‌තානු	ORG
වෙළෙඳ	ORG
සංවර්ධන	ORG
අධිකාරියේ	ORG
ලේකම්	O
රුබියා	PER
ජාවේරි	PER
අන්නා	PER
මහත්මියද	O
අදහස්‌	O
දැක්‌වූහ	O
.	O
මෙම	O
අවස්‌ථාවට	O
ජත්‍යන්තර	O
වෙළෙඳ	O
කටයුතු	O
ඇමැති	O
මලික්‌	PER
සමරවික්‍රම	PER
,	O
නීතිය	O
හා	O
සාමය,	O
දක්‌ෂිණ	LOC
සංවර්ධන	O
ඇමැති	O
සාගල	PER
රත්නායක	PER
මහත්වරු	O
ඇතුළු	O
මැති	O
ඇමැතිවරුන්ද	O
පකිස්‌ථානු	LOC
නියෝජිත	O
පිරිසක්‌ද	O
සහභාගි	O
වූ	O
අතර	O
දෙරට	O
නියෝජනය	O
කරමින්	O
ව්‍යාපාරිකයින්	O
රැසක්‌ද	O
සහභාගි	O
වී	O
සිටියහ	O
.	O
දෙමළ	O
සන්ධාන	O
හිටපු	O
පාර්ලිමේන්තු	O
මන්ත්‍රී	O
ජෝශප්	PER
පරරාජසිංහම්	PER
මහතා	O
වෙඩි	O
තබා	O
ඝාතනය	O
කිරීමේ	O
සිද්ධියට	O
සම්බන්ධ	O
බවට	O
සැක	O
යුද	ORG
හමුදා	ORG
බුද්ධි	ORG
අංශයේ	ORG
සැරයන්වරයකු	O
අපරාධ	ORG
පරීක්‍ෂණ	ORG
දෙපාර්තමේන්තුව	ORG
මගින්	O
පෙරේදා	O
අත්අඩංගුවට	O
ගෙන	O
ඇත	O
.	O
ගිරිතලේ	LOC
හමුදා	LOC
කඳවුරේ	LOC
සේවය	O
කරමින්	O
සිටි	O
මෙම	O
හමුදා	O
සැරයන්	O
නැගෙනහිර	LOC
පළාත්	LOC
හිටපු	O
මහ	O
ඇමැති	O
ශිවනේෂතුරේ	PER
චන්දකාන්තන්	PER
සමග	O
කටයුතු	O
කරමින්	O
සිට	O
පසුව	O
යුද	ORG
හමුදා	ORG
බුද්ධි	ORG
අංශය	ORG
වෙත	O
එකතු	O
වූ	O
නිලධාරියකු	O
බව	O
පරීක්‍ෂණවලින්	O
හෙළි	O
වී	O
ඇත	O
.	O
මුස්‌ලිම්	O
ජාතිකයකු	O
වන	O
මෙම	O
හමුදා	O
සැරයන්වරයා	O
පරරාජසිංහම්	PER
මහතා	O
ඝාතනය	O
කිරීමේ	O
සිද්ධියට	O
සම්බන්ධ	O
බව	O
හෙළි	O
වී	O
ඇත්තේ	O
මෙම	O
සිද්ධිය	O
සම්බන්ධයෙන්	O
අත්අඩංගුව	O
ගෙන	O
සිටින	O
සැකකරුවන්ගෙන්	O
ප්‍රශ්න	O
කිරීමේදීය	O
.	O
පරරාජසිංහම්	PER
මහතා	O
ඝාතනය	O
කිරීමේ	O
සිද්ධියට	O
සම්බන්ධ	O
බව	O
කියන	O
පිල්ලෙයාන්	PER
ඇතුළු	O
සිවු	O
දෙනෙක්‌	O
මේ	O
වන	O
විට	O
බන්ධනාගාර	O
ගත	O
කර	O
සිටිති	O
.	O
අත්අඩංගුවට	O
ගත්	O
යුද	O
හමුදා	O
සැරයන්වරයා	O
රඳවා	O
තබා	O
ගැනීමේ	O
නියෝග	O
මත	O
තබා	O
ගෙන	O
ප්‍රශ්න	O
කරගෙන	O
යයි	O
.	O
ඇන්ජලෝ	PER
මැතිව්ස්‌ගේ	PER
සටන්කාමී	O
පිති	O
ප්‍රහාරය	O
නිමා	O
වීමත්	O
සමග	O
ශ්‍රී	LOC
ලංකාවේ	LOC
ජයග්‍රාහි	O
බලාපොරොත්තු	O
සුනු	O
විසුණු	O
කර	O
දැමූ	O
නවසීලන්ත	LOC
ක්‍රීඩකයෝ	O
පස්‌වැනි	O
සහ	O
අවසන්	O
එක්‌දින	O
තරගයෙන්	O
ලකුණු	O
36	O
ක	O
ජයක්‌	O
ලැබීය	O
.	O
ඊයේ	O
බේ	LOC
ඕවල්	LOC
ක්‍රීඩාංගණයේදී	LOC
නවසීලන්ත	LOC
පිල	O
ලැබු	O
අදාළ	O
ජයත්	O
සමග	O
තරගාවලිය	O
3-1	O
ක්‌	O
ලෙස	O
ජය	O
ගත්තේය	O
.	O
ශ්‍රී	LOC
ලංකාවට	LOC
එරෙහිව	O
නවසීලන්තය	LOC
ජයගත්	O
අටවැනි	O
එක්‌දින	O
තරගාවලියද	O
මෙය	O
විය	O
.	O
තරගයේ	O
වීරයා	O
ලෙස	O
මැට්‌	O
හෙන්රි	O
සම්මාන	O
ලැබු	O
අතර	O
ටෙස්‌ට්‌	O
සහ	O
එක්‌දින	O
තරගාවලි	O
දෙකම	O
නවසීලන්තයේදී	LOC
පරාජය	O
වූ	O
ශ්‍රී	LOC
ලංකාව	LOC
තරග	O
දෙකකින්	O
සමන්විත	O
විස්‌සයි	O
විස්‌ස	O
තරගාවලියේ	O
පළමු	O
තරගයට	O
හෙට	O
සහභාගි	O
වේ	O
.	O
ශ්‍රී	LOC
ලංකා	LOC
නායකයාගේ	O
ඇරයුමෙන්	O
පළමුව	O
පිති	O
ප්‍රහාරය	O
දියත්	O
කළ	O
නවසීලන්ත	LOC
පිල	O
ලබාදුන්	O
ලකුණු	O
295	O
ක	O
ජයග්‍රාහී	O
ඉලක්‌කය	O
හඹා	O
ගිය	O
ශ්‍රී	LOC
ලංකා	LOC
පිතිකරුවන්	O
සියලු	O
දෙනා	O
පන්දු	O
17	O
ක්‌	O
ඉතිරිව	O
තිබියදී	O
දවා	O
ගැනීමට	O
නවසීලන්ත	LOC
පන්දු	O
යවන්නෝ	O
සමත්	O
වූහ	O
.	O
නවසීලන්තයේදී	LOC
ශ්‍රී	LOC
ලංකා	LOC
නායකයකු	O
එක්‌දින	O
තරගයකදී	O
රැස්‌	O
කළ	O
දෙවැනි	O
ශතකය	O
වාර්තා	O
කිරීමට	O
ඇන්ජලෝ	PER
මැතිව්ස්‌	PER
උත්සහ	O
කරමින්	O
සිටියදී	O
ජයග්‍රහණය	O
වෙනුවෙන්	O
ඔහු	O
ගැසූ	O
දැවැන්ත	O
පහර	O
හතරේ	O
සීමාව	O
ආසන්නයේදී	O
මැට්‌	PER
හෙන්රි	PER
උඩපන්දුවක්‌	O
ලෙස	O
රැක	O
ගැනීමෙන්	O
ශ්‍රී	LOC
ලංකාවේ	LOC
ජයග්‍රහණය	O
මෙන්ම	O
මැතිව්ස්‌ගේ	PER
දෙවැනි	O
එක්‌දින	O
ශතකයද	O
අහිමි	O
විය	O
.	O
නවසීලන්තයේදී	LOC
ශතකයක්‌	O
රැස්‌	O
කළ	O
ශ්‍රී	LOC
ලංකා	LOC
නායකයා	O
වන්නේ	O
සනත්	PER
ජයසුරිය	PER
වන	O
අතර	O
ඔහු	O
2001	O
සංචාරයේදී	O
එම	O
දස්‌කම	O
දක්‌වා	O
තිබේ	O
.	O
නවසීලන්ත	LOC
ජයග්‍රහණය	O
වෙනුවෙන්	O
වැඩිම	O
දායකත්වය	O
සැපයූ	O
ආරම්භක	O
පිතිකරු	O
මාටින්	PER
ගප්ටිල්	PER
සිව්වැනි	O
වරටත්	O
එක්‌දින	O
ශතකයක්‌	O
වාර්තා	O
කිරීමට	O
සමත්	O
විය	O
.	O
ගප්ටිල්	PER
තුන්වැනි	O
කඩුල්ල	O
ලෙස	O
දැවී	O
යන	O
විට	O
පන්දු	O
109	O
කදී	O
හතරේ	O
පහර	O
නවයක්‌	O
සහ	O
හයේ	O
පහර	O
තුනක්‌	O
සමග	O
ලකුණු	O
102	O
ක්‌	O
ලබා	O
සිටියේය	O
.	O
පන්දු	O
යෑවීමේදී	O
ශ්‍රී	LOC
ලංකා	LOC
පිතිකරුවන්ගේ	O
ජයග්‍රාහී	O
බලාපොරොත්තුව	O
විනාශ	O
කර	O
දැමූ	O
මැට්‌	PER
හෙන්රි	PER
තෙවැනි	O
වරටත්	O
එක්‌දින	O
තරගයකදී	O
කඩුලු	O
පහක්‌	O
බිඳ	O
දැමුවේය	O
.	O
ඔහුට	O
අනගි	O
සහයක්‌	O
ලබාදුන්	O
ට්‍රෙන්ට්‌	PER
බෝල්ට්‌	PER
කඩුලු	O
3	O
ක්‌	O
දවා	O
ගැනීමට	O
සමත්	O
විය	O
.	O
ශ්‍රී	LOC
ලංකා	LOC
පිලේ	O
පළමු	O
කඩුලු	O
දෙක	O
ලෙස	O
තිලකරත්න	PER
ඩිල්ෂාන්	PER
සහ	O
ළහිරු	PER
තිරිමාන්න	PER
දෙදෙනා	O
ලකුණු	O
15	O
ක්‌	O
තුළදී	O
දැවී	O
ගිය	O
අතර	O
අනතුරුව	O
ධනුෂ්ක	PER
ගුණතිලක	PER
තෙවැනි	O
කඩුල්ල	O
ලෙස	O
ලකුණු	O
33	O
දී	O
පිටියෙන්	O
ඉවත්	O
විය	O
.	O
දිනේෂ්	PER
චන්දිමාල්	PER
සහ	O
ඇන්ජලෝ	PER
මැතිව්ස්‌	PER
සිව්වැනි	O
කඩුල්ලට	O
ලකුණු	O
93	O
ක	O
සබඳතාවක්‌	O
එක්‌	O
කරමින්	O
නවසීලන්ත	LOC
පිලට	O
තියුණු	O
තරගයක්‌	O
ලබාදීමේ	O
මෙහෙයුමක්‌	O
දියත්	O
කිරීමට	O
සමත්	O
වූහ	O
.	O
16	O
වැනි	O
වරටත්	O
එක්‌දින	O
අර්ධ	O
ශතකයක්‌	O
වාර්තා	O
කළ	O
දිනේෂ්	PER
චන්දිමාල්	PER
පන්දු	O
65	O
කදී	O
හයේ	O
පහරක්‌	O
සහ	O
හතරේ	O
පහරක්‌	O
සමග	O
ලකුණු	O
50	O
කට	O
පිටියෙන්	O
ඉවත්	O
විය	O
.	O
29	O
වැනි	O
එක්‌දින	O
අර්ධ	O
ශතකය	O
වාර්තා	O
කරමින්	O
සටන්කාමී	O
පිති	O
ප්‍රහාරය	O
නිරත	O
වූ	O
ශ්‍රී	LOC
ලංකා	LOC
නායකයා	O
අනෙක්‌	O
අන්තයේ	O
එක	O
පිට	O
එක	O
කඩුලු	O
දැවී	O
යද්දී	O
මිලින්ද	PER
සිරිවර්ධන	PER
සමග	O
ලකුණු	O
62	O
ක	O
සබඳතාවකට	O
දායක	O
විය	O
.	O
මිලින්ද	PER
සිරිවර්ධන	PER
යළිත්	O
යුතුකම	O
ඉටු	O
කරමින්	O
පන්දු	O
22	O
කදී	O
හතරේ	O
පහර	O
තුනක්‌	O
සහ	O
හයේ	O
පහර	O
දෙකක්‌	O
සමග	O
ලකුණු	O
39	O
ක්‌	O
ලබා	O
සිටියදී	O
හයේ	O
සීමාව	O
අසලට	O
උඩපන්දුවක්‌	O
ලබාදී	O
පිටියෙන්	O
ඉවත්	O
විය	O
.	O
ඇන්ජලෝ	PER
මැතිව්ස්‌	PER
පන්දු	O
16	O
කදී	O
හතරේ	O
පහර	O
හයක්‌	O
එල්ල	O
කිරීමට	O
සමත්	O
විය	O
.	O
ශ්‍රී	LOC
ලංකා	LOC
පිලේ	O
පිතිකරුවකු	O
ලෙස	O
ක්‍රීඩා	O
කරන	O
චාමර	PER
කපුගෙදර	PER
යළිත්	O
වරක්‌	O
අසාර්ථක	O
වූ	O
අතර	O
තුන්	O
ඉරියව්	O
ක්‍රීඩක	O
තිසර	PER
පෙරේරා	PER
ගෙන්ද	O
බලාපොරොත්තු	O
වූ	O
පිතිකරණ	O
දායකත්වය	O
නොලැබීම	O
ශ්‍රී	LOC
ලංකා	LOC
පරාජයේ	O
ප්‍රධාන	O
සාධකයක්‌	O
බවට	O
පත්විය	O
.	O
මීගමුව	LOC
ප්‍රධාන	O
මහෙස්‌ත්‍රාත්	O
පූර්ණිමා	PER
පරණගමගේ	PER
මහත්මිය	O
වහා	O
ක්‍රියාත්මකවන	O
පරිදි	O
මීගමුව	LOC
ප්‍රධාන	O
මහෙස්‌ත්‍රාත්	O
පදවියෙන්	O
ඉවත්	O
කොට	O
අධිකරණ	O
සේවා	O
කොමිසම	O
වෙත	O
කැඳවා	O
ඇත	O
.	O
ප්‍රධාන	O
මහෙස්‌ත්‍රාත්වරිය	O
විසින්	O
පසුගිය	O
මීගමුව	ORG
ප්‍රධාන	ORG
මහෙස්‌ත්‍රාත්	ORG
අධිකරණයේදී	ORG
විනිසුරු	O
අසුනේ	O
සිට	O
කළ	O
විවෘත	O
ප්‍රකාශයකින්	O
තම	O
නීතිඥ	O
වෘත්තියට	O
සහ	O
නීතිඥයන්ට	O
අගෞරවයක්‌	O
සිදුවී	O
ඇතැයි	O
පවසමින්	O
මීගමුව	ORG
මහෙස්‌ත්‍රාත්	ORG
අධිකරණයේ	ORG
නීතිඥවරුන්	O
ප්‍රධාන	O
මහෙස්‌ත්‍රාත්	O
අධිකරණයේ	O
නීතිඥ	O
කටයුතුවලට	O
සහභාගි	O
නොවී	O
පසුගිය	O
27	O
වැනිදා	O
විරෝධතාවයක්‌	O
ආරම්භ	O
කළහ	O
.	O
එය	O
ඊයේ	O
වන	O
විට	O
මීගමුවේ	LOC
සියලු	O
අධිකරණ	O
කරා	O
පැතිර	O
ගිය	O
අතර	O
මීගමුවේ	LOC
සියලු	O
නීතිඥයන්	O
අධිකරණ	O
කටයුතුවලට	O
සහභාගිවීමෙන්	O
වැළකී	O
පොදු	O
විරෝධතාවයක	O
නිරත	O
වූහ	O
.	O
මේ	O
අතර	O
පසුගිය	O
මීගමුව	LOC
නීතිඥ	O
සංගමය	O
අගවිනිසුරු	O
සහ	O
අධිකරණ	O
සේවා	O
කොමිසම	O
හමුවේ	O
විනිසුරුවරියගේ	O
ප්‍රකාශය	O
සම්බන්ධයෙන්	O
සිය	O
විරෝධතාවය	O
ලිතව	O
පැමිණිලිකර	O
ඊට	O
වහා	O
විසඳුමක්‌	O
ලබා	O
දෙන	O
ලෙසට	O
ඉල්ලා	O
සිටියහ	O
.	O
ඒ	O
අනුව	O
ප්‍රධාන	O
මහෙස්‌ත්‍රාත්වරිය	O
වහා	O
ක්‍රියාත්මක	O
වන	O
පරිදි	O
අධිකරණ	ORG
සේවා	ORG
කොමිසම	ORG
වෙත	O
කැඳවා	O
ඇත	O
.	O
මෙම	O
තත්ත්වය	O
පිළිබඳව	O
මීගමුව	LOC
නීතිඥ	ORG
සංගමය	ORG
විසින්	O
ඊයේ	O
සවස	O
විශේෂ	O
මාධ්‍ය	O
සාකච්ඡාවක්‌	O
කැඳවා	O
සිද්ධියට	O
අදාළ	O
විනිසුරුවරිය	O
සම්බන්ධයෙන්	O
අධිකරණ	O
සේවා	O
කොමිසම	O
විසින්	O
ගත්	O
ක්‍රියාමාර්ගය	O
පිළිබඳව	O
දැනුවත්	O
කළහ	O
.	O
මීගමුව	LOC
නීතිඥ	ORG
සංගමයේ	ORG
සභාපතිධුරය	O
නීතිඥ	O
ඩග්ලස්‌	PER
අමරසිංහ	PER
මහතා	O
විසින්	O
දරණු	O
ලබන	O
අතර	O
එම	O
සංගමයේ	O
ලේකම්වරිය	O
නිල්මිණි	PER
මැඩොන්සා	PER
මහත්මියයි	O
.	O
අප	O
ජීවත්	O
වන	O
පෘථිවි	LOC
ග්‍රහලෝකය	O
අනාගත	O
පරම්පරාවන්	O
සඳහා	O
සුරක්‍ෂිත	O
කිරීම	O
අපගේ	O
ප්‍රධාන	O
වගකීම	O
බව	O
අමතක	O
නොකළ	O
යුතු	O
බවත්	O
මෙය	O
සමස්‌ත	O
ග්‍රහලෝකයටම	O
බලපාන	O
ප්‍රශ්නයක්‌	O
බැවින්	O
ඒ	O
අරභයා	O
සමස්‌ත	O
ලෝක	O
නායකයන්ගේම	O
එකමුතු	O
වීම	O
අත්‍යවශ්‍ය	O
කාරණයක්‌	O
බවත්	O
ශ්‍රී	LOC
ලංකා	LOC
ජනාධිපති	O
මෛත්‍රීපාල	PER
සිරිසේන	PER
මහතා	O
ඊයේ	O
ආරම්භ	O
වූ	O
එක්‌සත්	ORG
ජාතීන්ගේ	ORG
ලෝක	ORG
දේශගුණික	ORG
විපර්යාස	ORG
සමුළුව	ORG
අමතා	O
අවධාරණය	O
කෙළේය	O
.	O
ප්‍රංශ	LOC
ජනාධිපති	O
අන්ෂුවා	PER
හොලන්ඩිගේ	PER
සමාරම්භක	O
නිවේදනයෙන්	O
හා	O
එක්‌සත්	ORG
ජාතීන්ගේ	ORG
මහ	O
ලේකම්	O
බෑන්	PER
කී	PER
මූන්	PER
මහතාගේ	O
දේශනයත්	O
සමඟ	O
මෙම	O
ජාත්‍යන්තර	O
සමුළුව	O
ආරම්භ	O
විය	O
.	O
රටවල්	O
180	O
ක	O
රාජ්‍ය	O
නායකයන්	O
130	O
කට	O
අධික	O
ප්‍රමාණයක්‌	O
සහභාගි	O
වූ	O
මෙම	O
සුවිශේෂී	O
හා	O
දැවැන්ත	O
සමුළුව	O
ආරම්භයේදීම	O
දක්‌නට	O
හැකි	O
වූයේ	O
ලෝක	O
දේශගුණික	O
විපර්යාස	O
පිළිබඳ	O
සම්මුති	O
රාමුවක්‌	O
කරා	O
ගමන්	O
කරන	O
බවකි	O
.	O
මෙම	O
සුවිශේෂී	O
සමුළුවේදී	O
ශ්‍රී	LOC
ලංකා	LOC
ජනාධිපතිවරයා	O
සිය	O
දේශනයේදී	O
මෙසේ	O
ද	O
සඳහන්	O
කෙළේය	O
.	O
ශ්‍රී	ORG
ලංකා	ORG
යුද	ORG
හමුදාව	ORG
ප්‍රතිසංවිධානය	O
කරන්නැයි	O
ජිනීවා	LOC
මානව	ORG
හිමිකම්	ORG
කවුන්සලය	ORG
නිර්දේශ	O
කර	O
ඇත	O
.	O
මෙය	O
සිදුකෙරෙන්නේ	O
නම්	O
බ්‍රිතාන්‍ය	ORG
රජය	ORG
ස්‌ටර්ලින්	O
පවුම්	O
මිලියන	O
6.6	O
ක්‌	O
ලබාදීමට	O
තීරණය	O
කර	O
තිබේ	O
.	O
මෙරට	O
ආරක්‍ෂක	O
හමුදා	O
ඉතිහාසයේ	O
මානව	ORG
හිමිකම්	ORG
කවුන්සලයේ	ORG
නිර්දේශ	O
මත	O
ශ්‍රී	ORG
ලංකා	ORG
යුද	ORG
හමුදාව	ORG
ප්‍රතිසංවිධානයට	O
ලක්‌කරන	O
ලෙස	O
නිර්දේශ	O
කෙරුණු	O
මුල්ම	O
අවස්‌ථාව	O
මෙය	O
වේ	O
.	O
එකී	O
ප්‍රතිසංවිධාන	O
වැඩපිළිවෙළ	O
යටතේ	O
ශ්‍රී	ORG
ලංකා	ORG
හමුදාවට	ORG
බ්‍රිතාන්‍යයේ	LOC
පුහුණුව	O
ලබාදීමට	O
ද	O
බ්‍රිතාන්‍ය	ORG
රජය	ORG
එකඟ	O
වී	O
ඇත	O
.	O
ඉඩම්	O
නඩුවකට	O
කූට	O
ලේඛන	O
සකස්‌	O
කළ	O
අයෙකුට	O
එරෙහිව	O
නීතිය	O
මගින්	O
කටයුතු	O
නොකර	O
සිටීම	O
සඳහා	O
රුපියල්	O
ලක්‍ෂ	O
25	O
ක	O
මුදලක්‌	O
අල්ලස්‌	O
ලෙස	O
ඉල්ලා	O
ලබා	O
ගත්තේ	O
යෑයි	O
අත්අඩංගුවට	O
ගනු	O
ලැබූ	O
නාරාහේන්පිට	ORG
පොලිසියේ	ORG
අපරාධ	O
අංශයේ	O
ස්‌ථානාධිපතිවරයා	O
ලබන	O
07	O
දා	O
තෙක්‌	O
රක්‍ෂිත	O
බන්ධනාගාර	O
ගතකර	O
තබන	O
ලෙස	O
කොළඹ	LOC
ප්‍රධාන	O
මහෙස්‌ත්‍රාත්	O
ගිහාන්	PER
පිලපිටිය	PER
මහතා	O
ඊයේ	O
නියෝග	O
කළේය	O
.	O
අල්ලස්‌	ORG
හෝ	ORG
දූෂණ	ORG
චෝදනා	ORG
විමර්ශන	ORG
කොමිෂන්	ORG
සභාව	ORG
මගින්	O
සිදු	O
කළ	O
වැටලීමක්‌	O
අනුව	O
අත්අඩංගුවට	O
ගෙන	O
මෙලෙස	O
රක්‍ෂිත	O
බන්ධනාගාර	O
ගත	O
කළේ	O
නාරාහේන්පිට	ORG
පොලිසියේ	ORG
අපරාධ	O
අංශයේ	O
ස්‌ථානාධිපති	O
උපපොලිස්‌	O
පරීක්‍ෂක	O
තිස්‌සසිරි	PER
සුගතපාල	PER
නමැති	O
අයයි	O
.	O
සිද්ධියට	O
අදාළව	O
තවදුරටත්	O
විමර්ශන	O
පවත්වන	O
බවත්	O
එහිදී	O
මෙවැනි	O
පුද්ගලයන්	O
සම්බන්ධයෙන්	O
කොමිෂන්	O
සභාවේ	O
උපදෙස්‌	O
පරිදි	O
කටයුතු	O
කරන	O
බවත්	O
අල්ලස්‌	ORG
කොමිසම	ORG
වැඩිදුරටත්	O
වාර්තා	O
ගොනුකරමින්	O
අධිකරණයට	O
දන්වා	O
සිටියේය	O
.	O
පුත්තලම	ORG
රෝහලේ	ORG
වෛද්‍ය	O
අධිකාරිවරයාගේ	O
ව්‍යාජ	O
පැමිණිල්ලක්‌	O
මත	O
එම	O
රෝහලේ	O
වෛද්‍ය	O
රසායනාගාර	O
කාර්මික	O
විද්‍යාඥයකු	O
අත්අඩංගුවට	O
ගෙන	O
රක්‍ෂිත	O
බන්ධනාගාරගත	O
කිරීමට	O
එරෙහිව	O
අද	O
වයඹ	LOC
පළාතේ	LOC
සියලු	O
රෝහල්වල	O
වෛද්‍ය	O
රසායනාගාර	O
කාර්මික	O
විද්‍යාඥයන්	O
වැඩවර්ජනයක	O
නිරත	O
වන	O
බව	O
පරිපූරක	ORG
වෛද්‍ය	ORG
සේවා	ORG
වෘත්තීය	ORG
සමිති	ORG
ඒකාබද්ධ	ORG
බලමණ්‌ඩලය	ORG
පවසයි	O
.	O
අදාළ	O
ව්‍යාජ	O
පැමිණිල්ල	O
ඉවත්	O
කර	O
ගැනීමට	O
කටයුතු	O
නොකරන්නේ	O
නම්	O
වයඹ	LOC
පළාතේ	LOC
සියලු	O
රජයේ	O
රෝහල්වල	O
සේවය	O
කරන	O
ඖෂධවේදී,	O
විකිරණ	O
ශිල්පී,	O
වෛද්‍ය	O
රසායනාගාර,	O
කාර්මික	O
විද්‍යාඥ,	O
භෞතවේදී	O
චිකිත්සක	O
හා	O
වෘත්තීයවේදී	O
චිකිත්සක	O
යන	O
සේවාවන්ට	O
අයත්	O
පරිපූරක	O
වෛද්‍ය	O
වෘත්තිකයන්	O
හෙට	O
සංකේත	O
වැඩවර්ජනයක	O
නිරත	O
වන	O
බව	O
එම	O
බලමණ්‌ඩලයේ	O
සභාපති	O
අජිත්	PER
තිලකරත්න	PER
මහතා	O
පැවසීය	O
.	O
මෙම	O
වර්ජනයන්	O
මත	O
අද	O
දිනයේ	O
වයඹ	LOC
පළාත්	LOC
රජයේ	O
රෝහල්වල	O
ලේ,	O
මුත්‍රා	O
ඇතුළු	O
රසායනාගාර	O
පරීක්‍ෂණ	O
කටයුතු	O
ද,	O
හෙට	O
දිනයේ	O
එම	O
පරීක්‍ෂණ	O
කටයුතු	O
සහ	O
විකිරණ,	O
බෙහෙත්	O
නිකුත්	O
කිරීම,	O
භෞත	O
චිකිත්සක	O
හා	O
වෘත්තීය	O
චිකිත්සක	O
ප්‍රතිකාර	O
කටයුතු	O
ඇනහිටිනු	O
ඇතැයි	O
තිලකරත්න	PER
මහතා	O
කීවේය	O
.	O
ඒත්	O
මින්	O
ඉදිරියට	O
විපක්‍ෂයේ	O
ඉන්න	O
කිසිම	O
දේශපාලනඥයෙක්‌	O
ආණ්‌ඩුවට	O
එකතු	O
වෙන්නේ	O
නැතැයි	O
හිටපු	O
ජනාධිපති	O
කුරුණෑගල	LOC
දිස්‌ත්‍රික්‌	LOC
පාර්ලිමේන්තු	O
මන්ත්‍රී	O
,	O
මහින්ද	PER
රාජපක්‍ෂ	PER
මහතා	O
'දිවයින'	ORG
ඊයේ	O
ප්‍රකාශ	O
කළේය	O
.	O
ඒත්	O
ඒක	O
පලක්‌	O
වෙන්නේ	O
නැතැයි	O
මහින්ද	PER
රාජපක්‍ෂ	PER
මහතා	O
වැඩිදුරටත්	O
කියා	O
සිටියේය	O
.	O
අධ්‍යාපන	ORG
අමාත්‍යාංශයේ	ORG
වැය	O
ශීර්ෂය	O
සංශෝධනය	O
කරන	O
ලෙසත්	O
,	O
ඊට	O
අදාළව	O
සභාව	O
කල්	O
තැබීමේ	O
විවාදයක්‌	O
ලබා	O
දෙන	O
ලෙසත්	O
එජනිස	ORG
මන්ත්‍රී	O
බන්දුල	PER
ගුණවර්ධන	PER
මහතා	O
කළ	O
ඉල්ලීම	O
නියෝජ්‍ය	O
කථානායක	O
තිලංග	PER
සුමතිපාල	PER
මහතා	O
ඊයේ	O
පාර්ලිමේන්තුවේදී	LOC
ප්‍රතික්‍ෂේaප	O
කළේය	O
.	O
අයවැය	O
ලේඛනයෙන්	O
අධ්‍යාපන	ORG
අමාත්‍යාංශ	ORG
වැය	O
ශීර්ෂය	O
වැඩි	O
කර	O
තිබෙන්නේ	O
ව්‍යාජ	O
සංඛ්‍යා	O
ලේඛන	O
දක්‌වමින්	O
යෑයි	O
කී	O
බන්දුල	PER
ගුණවර්ධන	PER
මහතා	O
මෙම	O
මුදල්	O
ප්‍රමාණය	O
පෙන්වා	O
ඇත්තේ	O
අධ්‍යාපන	ORG
අමාත්‍යාංශ	ORG
වත්කම්	O
ද	O
ඇතුළත්	O
කරමින්	O
බව	O
කීවේය	O
.	O
බන්දුල	PER
ගුණවර්ධන	PER
මහතා	O
විසින්	O
කළ	O
මෙම	O
ප්‍රකාශයට	O
විරෝධය	O
දැක්‌වූ	O
සභානායක	O
ලක්‍ෂ්මන්	PER
කිරිඇල්ල	PER
මහතා	O
මෙවන්	O
විශේෂ	O
ප්‍රකාශයක්‌	O
කරන	O
බවට	O
ගුණවර්ධන	PER
මහතා	O
ආණ්‌ඩුව	O
දැනුවත්	O
කර	O
නැතැයි	O
කීය	O
.	O
මෙතැන	O
කරල	O
තියෙන්නේ	O
අධ්‍යාපන	ORG
අමාත්‍යාංශය	ORG
වැය	O
ශීර්ෂය	O
ස්‌ථාවර	O
වත්කම්	O
පෙන්වමින්	O
පිම්බීමක්‌	O
කිරීමයි	O
.	O
ඒ	O
නිසා	O
අධ්‍යාපන	ORG
අමාත්‍යාංශයේ	ORG
වැය	O
ශීර්ෂය	O
ඉදිරිපත්	O
කරන්න	O
කලින්	O
අමාත්‍යාංශ	ORG
උපදේශකාරක	ORG
සභාව	ORG
කැඳවා	O
සැබෑ	O
තත්ත්වය	O
පෙන්වා	O
වැය	O
ශීර්ෂය	O
සංශෝධනය	O
කරන	O
ලෙසත්	O
මේ	O
සම්බන්ධව	O
සභාව	O
කල්	O
තැබීමේ	O
විවාදයක්‌	O
ලබාදෙන	O
ලෙසත්	O
ඉල්ලා	O
සිටිනවා	O
.	O
කොටි	ORG
ජාත්‍යන්තර	ORG
ජාලයට	ORG
සම්බන්ධ	O
භාණ්‌ඩාගාරයේ	O
ඩොලර්	O
බිලියන	O
දෙකක	O
අරමුදලක්‌	O
ඇති	O
බව	O
කැනඩා	ORG
ආරක්‍ෂක	ORG
ඒජන්සියට	ORG
රහස්‌	O
වාර්තාවකින්	O
අනාවරණය	O
වී	O
ඇත	O
.	O
කැනඩා	ORG
අධිකරණයට	ORG
යොමු	O
කළ	O
එකී	O
රහස්‌	O
ලියවිල්ල	O
හෙළිවූයේ	O
මුල්වරටය	O
.	O
කැනඩාවේ	LOC
කෝවිලක	O
සිටි	O
පූජක	O
වෙස්‌	O
ගත්	O
කොටි	O
ත්‍රස්‌තවාදියකු	O
සම්බන්ධ	O
නඩුවට	O
මෙම	O
රහස්‌	O
ලියවිල්ල	O
ඉදිරිපත්	O
කර	O
තිබිණි	O
.	O
කෝටිපති	O
ව්‍යාපාරික	O
සියාම්	PER
ඝාතන	O
සිද්ධිය	O
සම්බන්ධයෙන්	O
මරණ	O
දණ්‌ඩනය	O
නියම	O
වී	O
සිටින	O
හිටපු	O
නියෝජ්‍ය	O
පොලිස්‌පති	O
වාස්‌	PER
ගුණවර්ධනට	PER
එරෙහි	O
කප්පම්	O
නඩුව	O
ඊයේ	O
පෙරවරුවේ	O
මහර	ORG
මහෙස්‌ත්‍රාත්	ORG
අධිකරණයේදී	ORG
යළි	O
කැඳවූ	O
අවස්‌ථාවේ	O
එහි	O
ඉදිරි	O
ක්‍රියාමාර්ග	O
ගැනීම	O
සඳහා	O
අවශ්‍ය	O
වන	O
නීතිපති	O
උපදෙස්‌	O
තවම	O
ලැබී	O
නැති	O
හෙයින්	O
එහි	O
වැඩිදුර	O
විභාගය	O
මහර	O
ප්‍රධාන	O
මහෙස්‌ත්‍රාත්	O
මහින්ද	PER
ප්‍රභාත්	PER
රණසිංහ	PER
මහතා	O
විසින්	O
ලබන	O
වසරේ	O
පෙබරවාරි	O
මස	O
29	O
වැනි	O
දිනට	O
කල්	O
තබන	O
ලදී	O
.	O
මේ	O
අවස්‌ථාවේදී	O
අපරාධ	ORG
පරීක්‍ෂණ	ORG
දෙපාර්තමේන්තුවේ	ORG
විශේෂ	O
අපරාධ	O
විමර්ශන	O
අංශයේ	O
සැරයන්	O
වාසල	PER
මහතා	O
අධිකරණයට	O
කරුණු	O
දක්‌වමින්	O
මේ	O
සිද්ධිය	O
සම්බන්ධව	O
උධෘත	O
නීතිපතිවරයාට	O
යොමු	O
කර	O
තිබෙන	O
බවත්	O
තවම	O
නීතිපති	O
උපදෙස්‌	O
ලැබී	O
නැති	O
බවත්	O
කීය	O
.	O
කැලණිය	LOC
ප්‍රාදේශීය	O
සභා	O
මන්ත්‍රී	O
හසිත	PER
කැලුම්	PER
මඩවල	PER
ඝාතන	O
සිද්ධියේ	O
රජයේ	O
සාක්‌කිකරුවකු	O
වූ	O
සිංගප්පූරු	LOC
සරත්	PER
හෙවත්	O
සරත්	PER
එදිරිසිංහ	PER
නමැත්තා	O
නොමරා	O
සිටීමට	O
නම්	O
රුපියල්	O
ලක්‍ෂ	O
තිහක	O
කප්පම්	O
මුදලක්‌	O
ඉල්ලා	O
ඉන්	O
රුපියල්	O
ලක්‍ෂ	O
පහළොවක්‌	O
ලබා	O
ගැනීමේ	O
චෝදනාව	O
මත	O
හිටපු	O
නියෝජ්‍ය	O
පොලිස්‌පතිවරයාට	O
එරෙහිව	O
මේ	O
නඩුව	O
පවරා	O
ඇත	O
.	O
ඉදිරියේදී	O
පැවැත්වීමට	O
නියමිත	O
ශ්‍රී	LOC
ලංකා	LOC
ක්‍රිකට්‌	ORG
ආයතන	ORG
නිලවරණයේදී	O
සභාපති	O
තනතුරට	O
තරග	O
කිරීම	O
සඳහා	O
ශ්‍රී	LOC
ලංකා	LOC
ක්‍රිකට්‌	O
ආයතන	O
හිටපු	O
විධායක	O
කමිටු	O
සාමාජික	O
සුමිත්	PER
ආර්.	PER
පෙරේරා	PER
මහතා	O
ඊයේ	O
සිය	O
නාමයෝජනා	O
පත්‍රය	O
ක්‍රීඩා	O
අධ්‍යක්‍ෂක	O
ජනරාල්	O
කේ.	PER
ඩී.	PER
එස්‌.	PER
රුවන්චන්ද්‍ර	PER
මහතාට	O
භාර	O
දුන්නේය	O
.	O
පළමු	O
පෙළ	O
ක්‍රීඩා	O
සමාජයක්‌	O
වන	O
බදුරලිය	ORG
ක්‍රීඩා	ORG
සමාජයේ	ORG
සභාපතිවරයා	O
වන	O
සුමිත්	PER
පෙරේරා	PER
මහතා	O
මෙවර	O
නිලවරණයේදී	O
ස්‌වාධීනව	O
තරග	O
වදිනු	O
ලබන	O
බවත්,	O
එහිදී	O
තමා	O
සභාපතිවරයා	O
ලෙස	O
පත්වුවහොත්,	O
මෙවර	O
නිලවරණයේදී	O
තේරී	O
පත්වන	O
සියලු	O
නිලධාරීන්	O
සමග	O
එක්‌ව	O
කටයුතු	O
කිරීමට	O
බලාපොරොත්තු	O
වන	O
බව	O
'දිවයින'	ORG
අමතා	O
සඳහන්	O
කර	O
සිටියේය	O
.	O
මතුගම	LOC
ආනන්ද	ORG
ශාස්‌ත්‍රාලයේ	ORG
සහ	O
හොරණ	LOC
ශ්‍රී	ORG
පාලි	ORG
විදුහලේ	ORG
ආදි	O
ශිෂ්‍යයකු	O
වන	O
සුමිත්	PER
ආර්.	PER
පෙරේරා	PER
මහතා	O
වැඩිදුරටත්	O
අදහස්‌	O
දක්‌වමින්,	O
මෙවර	O
නිලවරණයේදී	O
සභාපති	O
අසුන	O
සඳහා	O
තරගවදිනු	O
ලබන	O
බොහෝ	O
දෙනෙකුට	O
නිලවරණය	O
සඳහා	O
ඉදිරිපත්වීමට	O
සුදුසුකම්	O
නොමැති	O
බැවින්	O
මෙම	O
නිලවරණයේදී	O
තමාට	O
නිතරග	O
ජයක්‌	O
ලැබෙන	O
ඇති	O
බවට	O
වූ	O
විශ්වාසය	O
මත	O
අදාළ	O
නාමයෝජනාව	O
භාරදීමට	O
කටයුතු	O
කළ	O
බවත්	O
සඳහන්	O
කර	O
සිටියේය	O
.	O
තම	O
ක්‍රීඩා	O
සමාජය	O
වන	O
බදුරලිය	ORG
ක්‍රීඩා	ORG
සමාජය	ORG
නියෝජනය	O
කරමින්	O
සිය	O
නාම	O
යෝජනා	O
ඉදිරිපත්	O
කළ	O
නමුත්,	O
කලුතර	LOC
පී.	ORG
සී.	ORG
සී.	ORG
ක්‍රීඩා	ORG
සමාජයද	ORG
සභාපති	O
අසුන	O
සඳහා	O
තරග	O
කරන	O
මෙන්	O
තමාගේ	O
නම	O
යෝජනා	O
කර	O
ඇති	O
බවත්	O
එම	O
යෝජනා	O
ඕල්	ORG
ආනන්දියන්	ORG
සහ	O
බදුල්ල	LOC
යන	O
ක්‍රීඩා	O
සමාජවලින්	O
සම්මත	O
කර	O
ඇති	O
බවත්	O
පෙරේරා	PER
මහතා	O
අවධාරණය	O
කර	O
සිටියේය	O
.	O
මෙවර	O
නිලවරණය	O
සඳහා	O
ප්‍රධාන	O
පාර්ශ්ව	O
ලෙසින්	O
තිලංග	PER
සුමතිපාල	PER
සහ	O
නිශාන්ත	PER
රණතුංග	PER
යන	O
මහත්වරු	O
සභාපති	O
සටනට	O
පිවිසෙන	O
අතර	O
පාසල්	O
ක්‍රිකට්‌	O
සංගමයේ	O
ලේකම්වරයා	O
වන	O
ඩිල්ෂාන්	PER
ද	PER
සිල්වා	PER
මහතාද	O
සභාපති	O
අසුන	O
සඳහා	O
තරග	O
වැදීමට	O
බලාපොරොත්තුවන	O
බව	O
සඳහන්	O
කිරීමත්	O
සමග	O
මෙවර	O
නිලවරණය	O
තුන්කොන්	O
සටනක්‌	O
වනු	O
ඇති	O
බවට	O
අනුමාණ	O
කෙරිණි	O
.	O
කෙසේ	O
වෙතත්	O
සුමිත්	PER
පෙරේරා	PER
මහතා	O
ද	O
සභාපති	O
ධුරය	O
වෙනුවෙන්	O
සිය	O
නාමයෝජනා	O
පත්‍රය	O
භාරදීම	O
මත	O
මෙවර	O
ක්‍රිකට්‌	O
නිලවරණයේ	O
සභාපති	O
සටන	O
සිව්කොන්	O
සටනක්‌	O
බවට	O
පත්වනු	O
ඇත	O
.	O
අදාළ	O
ධුර	O
සඳහා	O
නිශාන්ත	PER
රණතුංග	PER
මහතා	O
සිය	O
නාමයෝජනාව	O
ඉකුත්	O
දා	O
ක්‍රීඩා	O
අධ්‍යක්‍ෂක	O
ජනරාල්	O
වරයාට	O
භාර	O
දී	O
තිබේ	O
.	O
තිලංග	PER
සුමතිපාල	PER
මහතා	O
සිය	O
නාම	O
යෝජනා	O
පත්‍රය	O
දෙසැම්බර්	O
03	O
වැනිදා	O
භාරදීමට	O
සූදානමින්	O
පසුවන	O
නමුත්,	O
ඩිල්ෂාන්	PER
ද	PER
සිල්වා	PER
මහතා	O
අදාළ	O
නාමයෝජනා	O
පත්‍රය	O
භාර	O
දෙන	O
දිනයක්‌	O
පිළිබඳව	O
ඊයේ	O
වනතෙක්‌	O
කිසිදු	O
සඳහනක්‌	O
නොවීය	O
.	O
ශ්‍රී	ORG
ලංකා	ORG
ක්‍රිකට්‌	ORG
ආයතනයේ	ORG
නිලවරණය	O
ලබන	O
ජනවාරි	O
මස	O
03	O
වැනිදා	O
පැවැත්වෙන	O
අතර	O
නාම	O
යෝජනා	O
භාර	O
ගැනීම	O
දෙසැම්බර්	O
මස	O
04	O
වනිදා	O
අවසන්	O
වනු	O
ඇත	O
.	O
සේවක	ORG
අර්ථසාධක	ORG
අරමුදල	ORG
සහ	O
සේවක	ORG
භාරකාර	ORG
අරමුදල	ORG
ඒකාබද්ධ	O
කිරීමත්	O
අර්ථසාධක	O
අරමුදලේ	O
කළමනාකාරිත්වය	O
මහ	ORG
බැංකුව	ORG
යටතේ	O
තවදුරටත්	O
පවත්වාගෙන	O
යනවාද	O
යන්න	O
පිළිබඳවත්	O
අවසන්	O
තීරණය	O
ගනු	O
ලබන්නේ	O
කැබිනට්‌	O
මණ්‌ඩලයේ	O
සහ	O
පාර්ලිමේන්තු	ORG
කාරක	ORG
සභාවේ	ORG
අනුමැතිය	O
අනුව	O
බව	O
අගමැති	O
රනිල්	PER
වික්‍රමසිංහ	PER
මහතා	O
ඊයේ	O
පාර්ලිමේන්තුවේදී	LOC
ප්‍රකාශ	O
කළේය	O
.	O
මෙම	O
අරමුදල්	O
දෙක	O
පිළිබඳ	O
තීරණ	O
ගැනීම	O
සඳහා	O
අධ්‍යක්‌ෂ	O
මණ්‌ඩලයක්‌,	O
ව්‍යවස්‌ථා	ORG
දායක	ORG
සභාවේ	ORG
අනුමැතිය	O
අනුව	O
පත්කිරීමට	O
අදහස්‌	O
කරන	O
බව	O
කී	O
අගමැතිවරයා	O
මහ	ORG
බැංකුවේ	ORG
අධිපතිවරයා	O
සහ	O
භාණ්‌ඩාගාර	O
ලේකම්වරයා,	O
මහජන	O
ධන	O
භාරයේ	O
නිලධාරීන්	O
මෙම	O
අධ්‍යක්‌ෂ	O
මණ්‌ඩලයට	O
පත්කරන	O
බවද	O
ප්‍රකාශ	O
කළේය	O
.	O
මෙම	O
අධ්‍යක්‌ෂ	O
මණ්‌ඩලය	O
ගන්නා	O
තීරණ	O
පිළිබඳ	O
ප්‍රශ්න	O
තිබේ	O
නම්	O
ඊට	O
මැදිහත්වීමට	O
මූල්‍ය	O
මණ්‌ඩලයට	O
හැකියාව	O
ඇතැයිද	O
කී	O
අගමැතිවරයා	O
වෘත්තිය	O
සමිති	O
නායකයන්	O
සමග	O
තමන්	O
කළ	O
සාකච්ඡාවේදී	O
අරමුදල්	O
දෙක	O
ඒකාබද්ධ	O
කිරීම	O
පිළිබඳ	O
ඔවුන්ගේ	O
අදහස	O
වූයේ	O
එකී	O
අරමුදල්	O
දෙක	O
වෙන	O
වෙනම	O
පවත්වාගෙන	O
යැම	O
සුදුසු	O
බව	O
හා	O
අර්ථසාධක	O
අරමුදලේ	O
කළමනාකාරිත්වය	O
තවදුරටත්	O
මහ	ORG
බැංකුව	ORG
යටතේ	O
පාලනය	O
විය	O
යුතු	O
බව	O
යෑයිද	O
කීය	O
.	O
මේ	O
පිළිබඳව	O
තවදුරටත්	O
මහ	ORG
බැංකුවේ	ORG
අධිපතිවරයා	O
සහ	O
සේවක	O
අර්ථසාධක	O
අරමුදලේ	O
ප්‍රධානියා	O
සමග	O
සාකච්ඡා	O
කර	O
යෝජනා	O
ඉදිරිපත්	O
කිරීමට	O
තීරණය	O
වූ	O
බවද	O
රනිල්	PER
වික්‍රමසිංහ	PER
මහතා	O
කීය	O
.	O
මේ	O
පිළිබඳව	O
අවසන්	O
තීරණය	O
වෘත්තීය	O
සමිති	O
නායකයන්ටද	O
ඉදිරිපත්	O
කරන	O
බවත්	O
අවසන්	O
තීරණය	O
ගනු	O
ලබන්නේ	O
කැබිනට්‌	ORG
මණ්‌ඩලයේ	ORG
සහ	O
පාර්ලිමේන්තුවේ	ORG
කාරක	ORG
සභා	ORG
අනුමැතිය	O
අනුව	O
බවත්	O
අගමැති	O
රනිල්	PER
වික්‍රමසිංහ	PER
මහතා	O
වැඩිදුරටත්	O
ප්‍රකාශ	O
කළේය	O
.	O
අගමැතිවරයා	O
මේ	O
බව	O
සඳහන්	O
කළේ	O
අය	O
වැය	O
විසර්ජන	O
පනත	O
දෙවැනිවර	O
කියෑවීමේ	O
විවාදයේ	O
අටවැනි	O
දින	O
විවාදය	O
ආරම්භ	O
කරමිනි	O
.	O
ඊයේ	O
පැවති	O
මාධ්‍ය	O
හමුවේදී	O
රජයේ	O
වෛද්‍ය	ORG
නිලධාරින්ගේ	ORG
සංගමයේ	ORG
ලේකම්	O
වෛද්‍ය	O
නලින්ද	PER
හේරත්	PER
මහතා	O
අදහස්‌	O
දැක්‌වූ	O
අයුරු	O
.	O
රාජ්‍ය	O
පරිපාලන,	O
අධ්‍යාපන,	O
සෞඛ්‍ය,	O
ඉංජිනේරු,	O
ගණකාධිකාරී,	O
විද්‍යාත්මක,	O
ක්‍රමසම්පාදන,	O
කෘෂිකර්ම,	O
මිනින්දොaරු,	O
වාස්‌තු	O
විද්‍යා	O
සහ	O
විගණන	O
යන	O
දීපව්‍යාප්ත	O
සේවාවන්	O
ඇතුළු	O
සේවාවන්	O
17	O
ක්‌	O
මෙම	O
මෙවර	O
අයවැයෙන්	O
සමස්‌ත	O
රාජ්‍ය	O
සේවයටම	O
අඳුරු	O
කලදසාවක්‌	O
උදාවී	O
ඇතැයි	O
දීපව්‍යාප්ත	O
සේවාවන්වල	O
විධායක	ORG
නිලධාරීන්ගේ	ORG
ඒකාබද්ධ	ORG
කමිටුවේ	ORG
සභාපති	O
ආයුර්වේද	O
වෛද්‍ය	O
නිමල්	PER
කරුණාසිරි	PER
මහතා	O
පැවසීය	O
.	O
අයවැය	O
යෝජනාවන්ට	O
එරෙහිව	O
වෘත්තීය	O
ක්‍රියාමාර්ග	O
ගැනීම	O
පිළිබඳ	O
කරුණු	O
දැක්‌වීම	O
සඳහා	O
කොළඹ	LOC
වෘත්තීයවේදීන්ගේ	ORG
සංගම්	ORG
ශ්‍රවණාගාරයේ	O
ඊයේ	O
පැවැති	O
මාධ්‍ය	O
හමුවේදී	O
මේ	O
බව	O
සඳහන්	O
කළ	O
ඒ	O
මහතා	O
ලබන	O
වසරේ	O
සිට	O
රජයේ	O
සේවක	O
විශ්‍රාම	O
වැටුප්	O
අහෝසි	O
කිරීමට	O
ගෙන	O
ඇති	O
තීරණය	O
නිසා	O
බුද්ධිමතුන්,	O
දක්‍ෂයන්	O
රාජ්‍ය	O
සේවයට	O
එක්‌	O
නොවන	O
බව	O
ද	O
කීවේය	O
.	O
මෙවර	O
අයවැයෙන්	O
ද	O
රාජ්‍ය	O
සේවක	O
මූලික	O
වැටුප	O
රුපියලකින්	O
හෝ	O
වැඩි	O
නොකළ	O
ආණ්‌ඩුව	O
රාජ්‍ය	O
සේවයට	O
තිබූ	O
අවම	O
සහනය	O
වූ	O
බදු	O
සහන	O
මත	O
වාහනයක්‌	O
ලබාගැනීමේ	O
පහසුකම	O
ද	O
අහෝසි	O
කර	O
ඇතැයි	O
කී	O
වෛද්‍ය	O
නිමල්	PER
කරුණාසිරි	PER
මහතා	O
මෙම	O
තත්ත්වය	O
මත	O
උගතුන්,	O
බුද්ධිමතුන්,	O
දක්‍ෂයන්	O
රාජ්‍ය	O
සේවය	O
අතහැර	O
යනු	O
ඇතැයි	O
ද	O
සඳහන්	O
කළේය	O
.	O
මෙම	O
ගැටලු	O
සහගත	O
තත්ත්වය	O
සම්බන්ධයෙන්	O
සාකච්ඡා	O
කිරීම	O
සඳහා	O
පසුගිය	O
26	O
වැනිදා	O
ජනාධිපති	O
මෛත්‍රීපාල	PER
සිරිසේන	PER
මහතාගෙන්	O
ලිතව	O
ඉල්ලා	O
සිටියත්	O
මෙතෙක්‌	O
කිසිදු	O
ප්‍රතිචාරයක්‌	O
ලැබී	O
නැතැයි	O
ද	O
ඒ	O
මහතා	O
සඳහන්	O
කළේය	O
.	O
රජයේ	ORG
වෛද්‍ය	ORG
නිලධාරීන්ගේ	ORG
සංගමයේ	ORG
ලේකම්	O
වෛද්‍ය	O
නලින්ද	PER
හේරත්	PER
,	O
රාජ්‍ය	O
සේවා	O
ඉංජිනේරු	O
සංගමයේ	O
ලේකම්	O
ඩී.	PER
අබේසිරිවර්ධන	PER
,	O
ශ්‍රී	LOC
ලංකා	LOC
ක්‍රමසම්පාදන	ORG
සේවයේ	ORG
සභාපති	O
ධම්මික	PER
මාතරආරච්චි	PER
,	O
ශ්‍රී	LOC
ලංකා	LOC
පරිපාලන	ORG
සේවා	ORG
සංගමයේ	ORG
ලේකම්	O
රෝහණ	PER
ද	PER
සිල්වා	PER
,	O
දේශීය	ORG
ආදායම්	ORG
සේවා	ORG
වෘත්තීය	ORG
සමිති	ORG
ඒකාබද්ධ	ORG
කමිටුවේ	ORG
සභාපති	O
එච්.	PER
ඒ.	PER
එල්.	PER
උදයසිරි	PER
,	O
ගණකාධිකාරි	ORG
සේවා	ORG
සංගමයේ	ORG
ඇන්ටන්	PER
පෙරේරා	PER
හා	O
රජයේ	ORG
දන්ත	ORG
වෛද්‍යවරුන්ගේ	ORG
සංගමයේ	ORG
ලේකම්	O
වෛද්‍ය	O
චන්දන	PER
ජයකොඩි	PER
යන	O
මහත්වරු	O
ද	O
අදහස්‌	O
දැක්‌වූහ	O
.	O
ජනාධිපති	O
මෛත්‍රීපාල	PER
සිරිසේන	PER
මහතා	O
මෝල්ටා	LOC
සහ	O
ප්‍රංශ	LOC
නිල	O
සංචාරයෙන්	O
අනතුරුව	O
ජාතික	O
ආණ්‌ඩුවේ	O
මංගල	O
අයවැය	O
යෝජනාව	O
බහුතර	O
ඡන්දයෙන්	O
සම්මත	O
කරගැනීම	O
සඳහා	O
අද	O
පාර්ලිමේන්තු	LOC
සංකීර්ණයට	O
පැමිණීමට	O
නියමිතය	O
.	O
ජනාධිපතිවරයා	O
මෝල්ටා	LOC
සහ	O
ප්‍රංශයේ	LOC
නිල	O
සංචාරයෙන්	O
අනතුරුව	O
ඊයේ	O
සවස	O
නැවත	O
දිවයිනට	O
පැමිණි	O
අතර	O
ජාතික	O
ආණ්‌ඩුවේ	O
මංගල	O
අයවැය	O
විවාදය	O
අවසන්	O
වන	O
අයුරු	O
සහ	O
ඊට	O
ඡන්දය	O
විමසන	O
මොහොත	O
දැකබලා	O
ගැනීමට	O
පාර්ලිමේන්තුවට	LOC
පැමිණෙනු	O
ඇතැයි	O
ජනාධිපති	ORG
ලේකම්	ORG
කාර්යාලයේ	ORG
ප්‍රකාශකයෙක්‌	O
"දිවයින"	ORG
ට	O
පැවසීය	O
.	O
අයවැයෙන්	O
යෝජනා	O
කර	O
ඇති	O
දුම්	O
පරීක්‍ෂණ	O
ගාස්‌තු	O
ඉහළ	O
දැමීමට	O
විරෝධය	O
දක්‌වමින්	O
ඊයේ	O
සිට	O
ලබන	O
07	O
වැනිදා	O
දක්‌වා	O
කළු	O
කොඩි	O
ප්‍රදර්ශනය	O
කරමින්	O
පෞද්ගලික	O
බස්‌	O
රථ	O
ධාවනය	O
කරන	O
බව	O
සමස්‌ත	ORG
ලංකා	ORG
පෞද්ගලික	ORG
බස්‌	ORG
හිමියන්ගේ	ORG
සමිති	ORG
සම්මේලනයේ	ORG
ලේකම්	O
අංජන	PER
ප්‍රියන්ජිත්	PER
මහතා	O
කීය	O
.	O
ලබන	O
14	O
වැනිදාට	O
පෙර	O
ආණ්‌ඩුව	O
ඉහළ	O
දැමූ	O
දුම්	O
පරීක්‍ෂණ	O
ගාස්‌තුව	O
සංශෝධනය	O
නොකළහොත්	O
14	O
වැනිදා	O
මධ්‍යම	O
රාත්‍රියේ	O
සිට	O
දීපව්‍යාප්ත	O
බස්‌	O
වර්ජනයක්‌	O
ක්‍රියාත්මක	O
කරන	O
බව	O
ද	O
නාරාහේන්පිට	LOC
ඊයේ	O
පැවැති	O
මාධ්‍ය	O
හමුවකදී	O
ඒ	O
මහතා	O
පැවසීය	O
.	O
පෞද්ගලික	O
බස්‌	O
කර්මාන්තයේ	O
ගැටලු	O
සම්බන්ධව	O
ප්‍රවාහන	O
ඇමැති	O
නිමල්	PER
සිරිපාල	PER
ද	PER
සිල්වා	PER
මහතා	O
මෙතෙක්‌	O
කිසිදු	O
සහනයක්‌	O
ලබා	O
දී	O
නැතැයිද	O
පැවසූ	O
ඒ	O
මහතා	O
එබැවින්	O
වත්මන්	O
ආණ්‌ඩුවේ	O
ප්‍රවාහන	O
ඇමැතිවරයකු	O
සිටීදැයි	O
සැකයක්‌	O
ඇතිවන	O
බව	O
ද	O
කීය	O
.	O
පෞද්ගලික	O
බස්‌	O
කර්මාන්තය	O
සම්බන්ධයෙන්	O
විශාල	O
ගැටලු	O
තිබියදී	O
දුම්	O
පරීක්‍ෂණ	O
ගාස්‌තුව	O
ද	O
ඉහළ	O
දැමීමෙන්	O
බස්‌	O
හිsමියන්	O
වඩාත්	O
අපහසුතාවට	O
පත්වන	O
බව	O
ද	O
අංජන	PER
ප්‍රියන්ජිත්	PER
මහතා	O
පැවසීය	O
.	O
දුම්	O
පරීක්‍ෂණ	O
ගාස්‌තු	O
ඉහළ	O
දැමීමට	O
එරෙහිව	O
අන්තර්	ORG
පළාත්	ORG
බස්‌	ORG
හිමියන්ගේ	ORG
සංගමය	ORG
ද	O
ඒකරාශි	O
කරගනිමින්	O
විරෝධතා	O
දක්‌වන	O
බවත්	O
අවශ්‍ය	O
වුවහොත්	O
බස්‌	O
වර්ජනයක්‌	O
ද	O
ක්‍රියාත්මක	O
කිරීමට	O
තම	O
සංගමය	O
සූදානම්	O
බවත්	O
ඒ	O
මහතා	O
වැඩිදුරටත්	O
පැවසීය	O
.	O
ඒක	O
අපේ	O
රටේ	O
අභ්‍යන්තරව	O
සිදුවන	O
දෙයක්‌	O
යෑයි	O
හිටපු	O
ජනාධිපති	O
හා	O
ජාතික	ORG
සමඟිය	ORG
හා	ORG
සංහිඳියාව	ORG
සඳහා	ORG
වන	ORG
කාර්යාලයේ	ORG
සභාපතිනි	O
චන්ද්‍රිකා	PER
බණ්‌ඩාරනායක	PER
කුමාරතුංග	PER
මහත්මිය	O
සඳහන්	O
කළාය	O
.	O
හිටපු	O
ජනාධිපතිනි	O
මේ	O
බව	O
සඳහන්	O
කළේ	O
ඊයේ	O
පස්‌වරුවේ	O
කොළඹ	LOC
බණ්‌ඩාරනායක	LOC
ජාත්‍යන්තර	LOC
සම්මන්ත්‍රණ	LOC
ශාලාවේදී	LOC
පැවැති	O
ප්‍රවෘත්ති	O
සාකච්ඡාවකට	O
සහභාගි	O
වෙමිනි	O
.	O
ජිනීවා	LOC
යෝජනා	O
සම්බන්ධයෙන්	O
කවුරු	O
මොනවා	O
කීවත්	O
අපි	O
ක්‍රියාත්මක	O
කරන්නේ	O
අපේ	O
රටේ	O
ප්‍රජාතන්ත්‍රවාදයට	O
ගැලපෙන	O
අභ්‍යන්තර	O
යාන්ත්‍රණයක්‌	O
මගින්	O
ගැටලු	O
විසඳීමේ	O
ක්‍රමයක්‌	O
.	O
ඒ	O
වගේම	O
උතුරු	LOC
නැගෙනහිර	LOC
නැවත	O
පදිංචි	O
කරවීමට	O
හා	O
යටිතල	O
පහසුකම්	O
සංවර්ධනය	O
වෙනම	O
පුනරුත්ථාපන	O
හා	O
නැවත	O
පදිංචි	O
කිරීමේ	O
අමාත්‍යාංශය	O
හරහා	O
සිදු	O
කෙරෙනවා	O
.	O
ඒ	O
නිසා	O
ඊට	O
අවශ්‍ය	O
හඳුනාගෙන	O
ඇති	O
කරුණු	O
ක්‍රියාවට	O
නැංවීම	O
හා	O
ඊට	O
අදාළ	O
අමාත්‍යාංශ,	O
ආයතන,	O
සිවිල්	O
සංවිධාන	O
හා	O
ජනතාව	O
සමග	O
කටයුතු	O
කිරීම	O
තමයි	O
ජාතික	ORG
සමගිය	ORG
හා	ORG
සංහිඳියාව	ORG
සඳහා	ORG
වන	ORG
කාර්යාලයේ	ORG
වගකීම	O
.	O
කළුබෝවිල	LOC
මහ	ORG
රෝහලේ	ORG
වෛද්‍යවරියක	O
තලංගම	LOC
කලල්ගොඩ	LOC
සිය	O
නිවසේ	O
කාමරයක	O
විදුලි	O
පංකාවක	O
ගැටගැසූ	O
නයිලෝන්	O
ලණුqවක	O
එල්ලී	O
දිවි	O
නසාගෙන	O
ඇතැයි	O
තලංගම	ORG
පොලිසිය	ORG
පවසයි	O
.	O
පෙරේදා	O
රාත්‍රි	O
මෙලෙස	O
දිවි	O
නසාගෙන	O
ඇත්තේ	O
තලංගම	LOC
,	O
කලල්ගොඩ	LOC
,	O
වීර	LOC
මාවතේ	LOC
පදිංචිව	O
සිsටි	O
කලනි	PER
බුද්ධිමා	PER
ජයසිංහ	PER
නමැති	O
36	O
හැවිරිදි	O
වෛද්‍යවරියකි	O
.	O
ඇයට	O
මාස	O
7	O
හා	O
අවුරුදු	O
4	O
වයසේ	O
පසුවන	O
පුතුන්	O
දෙදෙනකු	O
සිටින	O
බව	O
ද	O
පොලිසිය	O
කියයි	O
.	O
මෙම	O
වෛද්‍යවරියගේ	O
සැමියා	O
ද	O
කළුබෝවිල	LOC
මහ	ORG
රෝහලේ	ORG
වෛද්‍යවරයකු	O
ලෙස	O
සේවය	O
කරයි	O
.	O
කලල්ගොඩ	LOC
නිවස	O
වසා	O
දමා	O
මෙම	O
වෛද්‍යවරිය,	O
ඇගේ	O
සැමියා	O
හා	O
දරු	O
දෙදෙනා	O
සමඟ	O
වැඩි	O
වශයෙන්ම	O
සිට	O
ඇත්තේ	O
ගම්පහ	LOC
මවගේ	O
නිවසේය	O
.	O
සිද්ධිය	O
වූ	O
පෙරේදා	O
මෙම	O
වෛද්‍යවරිය	O
රෝහලේ	O
සේවය	O
කර	O
දහවල්	O
1.35	O
ට	O
පමණ	O
තලවතුගොඩ	LOC
නිවසට	O
යන	O
බව	O
සිය	O
සැමියාට	O
එස්‌	O
.	O
එම්	O
.	O
එස්‌	O
.	O
පණිවුඩයක්‌	O
මගින්	O
දැනුම්	O
දී	O
ඇත	O
.	O
සිය	O
බිරිඳ	O
ගම්පහ	LOC
මහ	O
ගෙදරට	O
එන්නට	O
රෑ	O
බෝවීම	O
ගැන	O
සැක	O
සිතූ	O
එම	O
වෛද්‍යවරයා	O
කලල්ගොඩ	LOC
නිවසට	O
ගොස්‌	O
තිබේ	O
.	O
නිවසේ	O
දොර	O
ඇර	O
කාමරයට	O
ගොස්‌	O
බැලීමේදී	O
බිරිඳ	O
විදුලි	O
පංකාවේ	O
එල්ලී	O
සිටිනු	O
දුටු	O
ඔහු	O
මේ	O
ගැන	O
ප්‍රදේශවාසීන්ට	O
හා	O
පොලිසියට	O
දැනුම්	O
දී	O
තිබේ	O
.	O
කඩුවෙල	LOC
වැඩබලන	O
මහෙස්‌ත්‍රාත්වරයා	O
සිද්ධිය	O
වූ	O
ස්‌ථානයට	O
පැමිණ	O
මූලික	O
මහෙස්‌ත්‍රාත්	O
පරීක්‍ෂණය	O
පැවැත්වීය	O
.	O
දිවි	O
නසාගත්	O
වෛද්‍යවරියගේ	O
පශ්චාත්	O
මරණ	O
පරීක්‍ෂණය	O
ඊයේ	O
කොළඹ	LOC
අධිකරණ	O
වෛද්‍ය	O
නිලධාරි	O
කාර්යාලයේදී	O
සිදුකිරීමට	O
නියමිතව	O
තිබිණි	O
.	O
මේ	O
පිළිබඳව	O
තලංගම	ORG
පොලිසියේ	ORG
ස්‌ථානාධිපති	O
ප්‍රධාන	O
පොලිස්‌	O
පරීක්‍ෂක	O
ජනක	PER
කුමාර	PER
මහතාගේ	O
උපදෙස්‌	O
මත	O
උප	O
පොලිස්‌	O
පරීක්‍ෂක	O
නවරත්න	PER
,	O
පොලිස්‌	O
සැරයන්	O
සුනිල්	PER
යන	O
නිලධාරීහු	O
වැඩිදුර	O
පරීක්‍ෂණ	O
සිදුකරති	O
.	O
ජනතා	O
විරෝධි	O
අයවැයක්‌	O
නිසා	O
ඒකාබද්ධ	O
විපක්‌ෂයේ	O
සියලු	O
මන්ත්‍රීවරුන්	O
අයවැයට	O
විරුද්ධව	O
ඡන්දය	O
පාවිච්චි	O
කිරීමට	O
සූදානමින්	O
සිටින	O
බව	O
ඒකාබද්ධ	O
විපක්‌ෂයේ	O
නායක	O
දිනේෂ්	PER
ගුණවර්ධන	PER
මහතා	O
පැවසීය	O
.	O
මෙම	O
අයවැය	O
තුළ	O
ඇත්තේ	O
ජනතා	O
අයිතීන්	O
උදුරා	O
ගැනීම	O
පමණක්‌	O
බැවින්	O
තමන්	O
ඇතුළු	O
ඒකාබද්ධ	O
විපක්‌ෂය	O
ඊට	O
විරුද්ධ	O
බවත්	O
ඒ	O
මහතා	O
සඳහන්	O
කළේය	O
.	O
රාජ්‍ය	O
සේවකයන්,	O
කම්කරු	O
ජනතාව	O
අනාගත	O
බාලපරපුරට	O
බලාපොරොත්තුවූ	O
කිසිම	O
ජයග්‍රහණයක්‌	O
මෙම	O
අයවැයෙන්	O
අත්වී	O
නැතැයිද	O
දිනේෂ්	PER
ගුණවර්ධන	PER
මහතා	O
වැඩිදුරටත්	O
කියා	O
සිටියේය	O
.	O
විපක්‍ෂය	O
නියෝජනය	O
කරන	O
ශ්‍රී	ORG
ලංකා	ORG
නිදහස්‌	ORG
පක්‍ෂ	ORG
පාර්ලිමේන්තු	O
මන්ත්‍රීවරුන්	O
හයදෙනකු	O
අයවැයට	O
පක්‍ෂව	O
අද	O
ඡන්දය	O
ලබාදීමට	O
නියමිත	O
බව	O
ආණ්‌ඩුවේ	O
ආරංචි	O
මාර්ග	O
කියා	O
සිටී	O
.	O
අයවැයට	O
පක්‍ෂව	O
ඡන්දය	O
දීමට	O
පෙර	O
ඔවුන්	O
අද	O
ජනාධිපති	O
මෛත්‍රීපාල	PER
සිරිසේන	PER
සහ	O
අගමැති	O
රනිල්	PER
වික්‍රමසිංහ	PER
යන	O
මහත්වරුන්	O
හමු	O
වී	O
ඒ	O
බව	O
දන්වා	O
ආණ්‌ඩුවේ	O
වැඩපිළිවෙළට	O
සහය	O
ලබාදෙන	O
ආකාරය	O
පිළිබඳව	O
ද	O
සාකච්ඡා	O
කිරීමට	O
නියමිත	O
බව	O
පැවසේ	O
.	O
මෙම	O
මන්ත්‍රීවරුන්	O
ආණ්‌ඩුව	O
සමඟ	O
සහයෝගයෙන්	O
කටයුතු	O
කිරීමට	O
සූදානම්	O
බව	O
මේ	O
වන	O
විටත්	O
ප්‍රකාශ	O
කොට	O
ඇති	O
බවත්	O
වාර්තා	O
වේ	O
.	O
